date,entry_pax,peak_30min_demand,peak_lanes_required,peak_time
2026-03-29,4286,229,4,17:25
2026-03-30,4139,209,4,19:15
2026-03-31,3945,206,4,19:15
2026-04-01,4265,223,4,19:15
2026-04-02,3997,208,4,19:15
2026-04-03,4170,219,4,19:15
2026-04-04,4314,226,4,19:15
2026-04-05,4286,229,4,17:25
2026-04-06,4139,209,4,19:15
2026-04-07,3945,206,4,19:15
2026-04-08,4265,223,4,19:15
2026-04-09,3997,208,4,19:15
2026-04-10,4170,219,4,19:15
2026-04-11,4314,226,4,19:15
2026-04-12,4286,229,4,17:25
2026-04-13,4139,209,4,19:15
2026-04-14,3945,206,4,19:15
2026-04-15,4265,223,4,19:15
2026-04-16,3997,208,4,19:15
2026-04-17,4170,219,4,19:15
2026-04-18,4314,226,4,19:15
2026-04-19,4286,229,4,17:25
2026-04-20,4139,209,4,19:15
2026-04-21,3945,206,4,19:15
2026-04-22,4265,223,4,19:15
2026-04-23,3997,208,4,19:15
2026-04-24,4170,219,4,19:15
2026-04-25,4314,226,4,19:15
2026-04-26,4286,229,4,17:25
2026-04-27,4139,209,4,19:15
2026-04-28,3945,206,4,19:15
2026-04-29,4265,223,4,19:15
2026-04-30,3997,208,4,19:15
2026-05-01,4170,219,4,19:15
2026-05-02,4314,226,4,19:15
2026-05-03,4286,229,4,17:25
2026-05-04,4139,209,4,19:15
2026-05-05,3945,206,4,19:15
2026-05-06,4265,223,4,19:15
2026-05-07,3997,208,4,19:15
2026-05-08,4170,219,4,19:15
2026-05-09,4314,226,4,19:15
2026-05-10,4286,229,4,17:25
2026-05-11,4139,209,4,19:15
2026-05-12,3945,206,4,19:15
2026-05-13,4265,223,4,19:15
2026-05-14,3997,208,4,19:15
2026-05-15,4170,219,4,19:15
2026-05-16,4314,226,4,19:15
2026-05-17,4286,229,4,17:25
2026-05-18,4139,209,4,19:15
2026-05-19,3945,206,4,19:15
2026-05-20,4265,223,4,19:15
2026-05-21,3997,208,4,19:15
2026-05-22,4170,219,4,19:15
2026-05-23,4314,226,4,19:15
2026-05-24,4286,229,4,17:25
2026-05-25,4139,209,4,19:15
2026-05-26,3945,206,4,19:15
2026-05-27,4265,223,4,19:15
2026-05-28,3997,208,4,19:15
2026-05-29,4170,219,4,19:15
2026-05-30,4314,226,4,19:15
2026-05-31,4286,229,4,17:25
2026-06-01,4139,209,4,19:15
2026-06-02,3945,206,4,19:15
2026-06-03,4265,223,4,19:15
2026-06-04,3997,208,4,19:15
2026-06-05,4170,219,4,19:15
2026-06-06,4314,226,4,19:15
2026-06-07,4286,229,4,17:25
2026-06-08,4139,209,4,19:15
2026-06-09,3945,206,4,19:15
2026-06-10,4265,223,4,19:15
2026-06-11,3997,208,4,19:15
2026-06-12,4170,219,4,19:15
2026-06-13,4314,226,4,19:15
2026-06-14,4286,229,4,17:25
2026-06-15,4139,209,4,19:15
2026-06-16,3945,206,4,19:15
2026-06-17,4265,223,4,19:15
2026-06-18,3997,208,4,19:15
2026-06-19,4170,219,4,19:15
2026-06-20,4314,226,4,19:15
2026-06-21,4286,229,4,17:25
2026-06-22,4139,209,4,19:15
2026-06-23,3945,206,4,19:15
2026-06-24,4265,223,4,19:15
2026-06-25,3997,208,4,19:15
2026-06-26,4170,219,4,19:15
2026-06-27,4314,226,4,19:15
2026-06-28,4286,229,4,17:25
2026-06-29,4139,209,4,19:15
2026-06-30,3945,206,4,19:15
2026-07-01,4265,223,4,19:15
2026-07-02,3997,208,4,19:15
2026-07-03,4170,219,4,19:15
2026-07-04,4314,226,4,19:15
2026-07-05,4286,229,4,17:25
2026-07-06,4139,209,4,19:15
2026-07-07,3945,206,4,19:15
2026-07-08,4265,223,4,19:15
2026-07-09,3997,208,4,19:15
2026-07-10,4170,219,4,19:15
2026-07-11,4314,226,4,19:15
2026-07-12,4286,229,4,17:25
2026-07-13,4139,209,4,19:15
2026-07-14,3945,206,4,19:15
2026-07-15,4265,223,4,19:15
2026-07-16,3997,208,4,19:15
2026-07-17,4170,219,4,19:15
2026-07-18,4314,226,4,19:15
2026-07-19,4286,229,4,17:25
2026-07-20,4139,209,4,19:15
2026-07-21,3945,206,4,19:15
2026-07-22,4265,223,4,19:15
2026-07-23,3997,208,4,19:15
2026-07-24,4170,219,4,19:15
2026-07-25,4314,226,4,19:15
2026-07-26,4286,229,4,17:25
2026-07-27,4139,209,4,19:15
2026-07-28,3945,206,4,19:15
2026-07-29,4265,223,4,19:15
2026-07-30,3997,208,4,19:15
2026-07-31,4170,219,4,19:15
2026-08-01,4314,226,4,19:15
2026-08-02,4286,229,4,17:25
2026-08-03,4139,209,4,19:15
2026-08-04,3945,206,4,19:15
2026-08-05,4265,223,4,19:15
2026-08-06,3997,208,4,19:15
2026-08-07,4170,219,4,19:15
2026-08-08,4314,226,4,19:15
2026-08-09,4286,229,4,17:25
2026-08-10,4139,209,4,19:15
2026-08-11,3945,206,4,19:15
2026-08-12,4265,223,4,19:15
2026-08-13,3997,208,4,19:15
2026-08-14,4170,219,4,19:15
2026-08-15,4314,226,4,19:15
2026-08-16,4286,229,4,17:25
2026-08-17,4139,209,4,19:15
2026-08-18,3945,206,4,19:15
2026-08-19,4265,223,4,19:15
2026-08-20,3997,208,4,19:15
2026-08-21,4170,219,4,19:15
2026-08-22,4314,226,4,19:15
2026-08-23,4286,229,4,17:25
2026-08-24,4139,209,4,19:15
2026-08-25,3945,206,4,19:15
2026-08-26,4265,223,4,19:15
2026-08-27,3997,208,4,19:15
2026-08-28,4170,219,4,19:15
2026-08-29,4314,226,4,19:15
2026-08-30,4286,229,4,17:25
2026-08-31,4139,209,4,19:15
2026-09-01,3945,206,4,19:15
2026-09-02,4265,223,4,19:15
2026-09-03,3997,208,4,19:15
2026-09-04,4170,219,4,19:15
2026-09-05,4314,226,4,19:15
2026-09-06,4286,229,4,17:25
2026-09-07,4139,209,4,19:15
2026-09-08,3945,206,4,19:15
2026-09-09,4265,223,4,19:15
2026-09-10,3997,208,4,19:15
2026-09-11,4170,219,4,19:15
2026-09-12,4314,226,4,19:15
2026-09-13,4286,229,4,17:25
2026-09-14,4139,209,4,19:15
2026-09-15,3945,206,4,19:15
2026-09-16,4265,223,4,19:15
2026-09-17,3997,208,4,19:15
2026-09-18,4170,219,4,19:15
2026-09-19,4314,226,4,19:15
2026-09-20,4286,229,4,17:25
2026-09-21,4139,209,4,19:15
2026-09-22,3945,206,4,19:15
2026-09-23,4265,223,4,19:15
2026-09-24,3997,208,4,19:15
2026-09-25,4170,219,4,19:15
2026-09-26,4314,226,4,19:15
2026-09-27,4286,229,4,17:25
2026-09-28,4139,209,4,19:15
2026-09-29,3945,206,4,19:15
2026-09-30,4265,223,4,19:15
2026-10-01,3997,208,4,19:15
2026-10-02,4170,219,4,19:15
2026-10-03,4314,226,4,19:15
2026-10-04,4286,229,4,17:25
2026-10-05,4139,209,4,19:15
2026-10-06,3945,206,4,19:15
2026-10-07,4265,223,4,19:15
2026-10-08,3997,208,4,19:15
2026-10-09,4170,219,4,19:15
2026-10-10,4314,226,4,19:15
2026-10-11,4286,229,4,17:25
2026-10-12,4139,209,4,19:15
2026-10-13,3945,206,4,19:15
2026-10-14,4265,223,4,19:15
2026-10-15,3997,208,4,19:15
2026-10-16,4170,219,4,19:15
2026-10-17,4314,226,4,19:15
2026-10-18,4286,229,4,17:25
2026-10-19,4139,209,4,19:15
2026-10-20,3945,206,4,19:15
2026-10-21,4265,223,4,19:15
2026-10-22,3997,208,4,19:15
2026-10-23,4170,219,4,19:15
2026-10-24,4314,226,4,19:15
