Date,DayOfWeek,DomesticPax,InternationalPax,LF_IndiGo_pct,LF_AirIndia_pct,LF_Akasa_pct,LF_SpiceJet_pct
2020-07-07,Tue,121838,0,,,,
2020-07-17,Fri,125370,0,,,,
2020-08-10,Mon,180099,0,,,,
2020-08-13,Thu,158958,0,,,,
2020-08-15,Sat,183526,0,,,,
2020-09-06,Sun,285577,0,,,,
2020-09-12,Sat,287528,0,,,,
2020-09-16,Wed,233246,0,,,,
2020-09-25,Fri,281385,0,,,,
2020-10-05,Mon,332125,0,,,,
2020-10-18,Sun,304159,0,,,,
2020-10-28,Wed,319458,0,,,,
2020-10-25,Sun,319875,0,,,,
2020-10-29,Thu,375853,0,,,,
2020-11-23,Mon,477254,0,,,,
2020-11-29,Sun,509004,0,,,,
2020-12-07,Mon,415786,0,,,,
2020-12-13,Sun,448489,0,,,,
2020-12-17,Thu,453599,0,,,,
2021-01-05,Tue,451941,0,,,,
2021-01-18,Mon,456297,0,,,,
2021-02-27,Sat,549471,0,,,,
2021-03-19,Fri,496076,0,,,,
2021-04-13,Tue,125387,0,,,,
2021-04-30,Fri,247287,0,,,,
2021-07-01,Thu,280689,0,,,,
2021-07-02,Fri,287266,0,,,,
2021-07-03,Sat,317565,0,,,,
2021-07-05,Mon,297547,0,,,,
2021-07-06,Tue,257874,0,,,,
2021-07-07,Wed,278192,0,,,,
2021-07-12,Mon,297237,0,,,,
2021-07-21,Wed,312465,25236,,,,
2021-07-22,Thu,275955,21278,,,,
2021-07-29,Thu,282891,24205,60.2,56.0,,68.5
2021-07-30,Fri,310741,31129,61.5,59.0,,71.8
2021-08-03,Tue,418042,23267,73.6,75.0,,73.4
2021-08-04,Wed,412042,29303,71.5,78.0,,76.0
2021-08-05,Thu,413331,26893,72.8,77.0,,77.1
2021-08-06,Fri,449235,34934,74.9,77.0,,80.1
2021-08-07,Sat,475282,34938,78.9,81.0,,81.2
2021-08-09,Mon,410536,39149,72.2,69.0,,75.1
2021-08-10,Tue,391214,35335,71.6,68.0,,74.9
2021-08-12,Thu,395653,41215,73.2,70.4,,78.7
2021-08-13,Fri,442646,49211,77.6,73.7,,83.7
2021-08-14,Sat,469387,45845,81.1,81.8,,85.3
2021-08-15,Sun,433827,45059,76.1,72.3,,81.3
2021-08-16,Mon,412212,44593,72.2,70.4,,81.1
2021-08-17,Tue,369300,35761,71.3,61.3,,78.1
2021-08-18,Wed,397360,46107,73.4,68.4,,79.1
2021-08-19,Thu,398205,42071,75.0,69.9,,78.0
2021-08-20,Fri,428234,51006,75.5,72.3,,86.0
2021-08-21,Sat,442718,49866,74.9,68.4,,83.3
2021-08-22,Sun,445251,47129,74.7,71.3,,81.8
2021-08-26,Thu,366806,44676,72.2,60.0,,75.6
2021-08-27,Fri,410073,53714,72.2,63.6,,80.0
2021-08-28,Sat,430852,49372,74.4,67.4,,83.3
2021-08-29,Sun,434493,48303,74.3,68.2,,80.6
2021-09-17,Fri,458769,63289,73.4,63.4,,78.5
2021-09-24,Fri,471492,64046,74.1,66.3,,78.1
2021-09-26,Sun,531048,64112,79.6,75.4,,85.6
2021-09-27,Mon,449676,59009,69.3,60.3,,76.7
2021-09-29,Wed,431219,61603,72.8,62.4,,75.7
2021-10-01,Fri,523436,73796,76.8,69.3,,81.4
2021-10-02,Sat,537801,72184,77.6,72.4,,84.3
2021-10-03,Sun,540768,69900,77.1,73.3,,84.0
2021-10-04,Mon,495769,66276,72.4,63.4,,78.1
2021-10-07,Thu,504187,64278,75.0,71.4,,80.6
2021-10-15,Fri,571048,82360,74.7,78.4,,81.7
2021-10-09,Sat,604714,74718,82.1,82.4,,86.2
2021-10-18,Mon,623540,68402,81.5,83.3,,85.3
2021-10-26,Tue,515489,63416,74.5,74.8,,79.2
2021-10-27,Wed,533480,73851,76.5,79.4,,79.1
2021-11-05,Fri,540428,76354,66.4,76.6,,77.0
2021-11-07,Sun,747019,83207,87.2,91.6,,93.1
2021-11-08,Mon,739935,75076,83.4,88.3,,91.2
2021-11-15,Mon,732171,88915,83.5,88.3,,87.3
2021-11-27,Sat,771846,95954,88.7,90.2,,94.1
2021-11-29,Mon,735637,93906,82.5,85.6,,88.5
2021-12-13,Mon,722701,95884,79.9,78.9,,84.5
2021-12-26,Sun,774441,95569,84.7,81.2,,91.1
2021-12-27,Mon,732239,89454,80.3,69.6,,84.2
2021-12-28,Tue,693268,84095,78.1,65.8,,83.1
2021-12-29,Wed,687885,91293,76.9,65.7,,80.2
2021-12-30,Thu,693245,89892,77.6,72.6,,82.0
2021-12-31,Fri,642256,98920,71.6,72.4,,76.2
2022-01-01,Sat,606261,87676,68.0,68.7,,74.2
2022-01-02,Sun,708991,91281,77.6,82.7,,87.3
2022-01-03,Mon,676848,88628,75.1,71.4,,82.1
2022-01-04,Tue,575080,81588,68.4,62.3,,73.0
2022-01-06,Thu,501865,86939,64.1,59.6,,67.3
2022-01-05,Wed,517351,87588,66.4,60.2,,70.2
2022-01-07,Fri,519983,95843,66.5,63.3,,72.5
2022-01-08,Sat,482360,91923,65.8,67.4,,68.5
2022-01-09,Sun,478321,93428,65.7,66.3,,70.3
2022-01-10,Mon,431118,86481,63.0,59.6,,69.5
2022-01-11,Tue,376906,78886,62.0,57.4,,64.3
2022-01-12,Wed,383736,83860,63.5,56.8,,67.6
2022-01-13,Thu,353712,79653,55.8,55.6,,66.7
2022-01-14,Fri,336992,89669,57.1,57.3,,67.6
2022-01-15,Sat,333220,83246,54.4,59.8,,70.2
2022-01-16,Sun,365325,84666,58.2,60.3,,70.3
2022-01-17,Mon,354854,76395,60.2,60.4,,68.1
2022-01-19,Wed,298895,73487,65.3,53.4,,69.3
2022-01-18,Tue,300548,68108,65.2,55.2,,69.2
2022-01-20,Thu,313562,74790,65.7,57.7,,70.1
2022-01-21,Fri,354118,82502,65.5,60.3,,72.0
2022-01-22,Sat,367940,78577,66.3,64.4,,75.1
2022-01-23,Sun,366408,79358,67.3,62.2,,77.2
2022-01-24,Mon,330676,71091,66.2,57.1,,74.1
2022-01-25,Tue,315635,65839,69.7,57.5,,77.2
2022-01-26,Wed,350779,74733,75.1,66.8,,82.1
2022-01-27,Thu,323159,72351,69.9,64.4,,76.8
2022-01-28,Fri,343632,85254,72.6,66.3,,81.1
2022-01-29,Sat,357412,82741,73.6,73.2,,79.2
2022-01-30,Sun,413373,83587,74.7,73.4,,80.2
2022-01-31,Mon,370566,77721,72.6,73.2,,81.4
2022-02-01,Tue,320090,70302,77.3,70.6,,75.6
2022-02-02,Wed,359998,77047,79.2,75.6,,79.5
2022-02-03,Thu,374607,75422,81.6,78.3,,83.2
2022-02-04,Fri,445682,86641,80.5,82.2,,86.1
2022-02-05,Sat,455718,86483,84.5,87.3,,84.5
2022-02-06,Sun,514351,87102,88.3,87.4,,90.1
2022-02-07,Mon,481762,76695,82.6,82.3,,86.3
2022-02-08,Tue,450548,71155,83.5,83.2,,86.1
2022-02-09,Wed,469574,76127,83.3,82.7,,87.6
2022-02-10,Thu,473803,79287,85.1,87.3,,86.1
2022-02-12,Sat,545390,89026,87.0,92.3,,94.2
2022-02-11,Fri,535491,91993,85.6,89.4,,88.1
2022-02-13,Sun,581283,89378,86.8,91.7,,95.1
2022-02-14,Mon,541812,79339,83.8,86.8,,91.2
2022-02-15,Tue,528518,76900,84.9,85.6,,91.1
2022-02-17,Thu,586292,83611,84.9,85.8,,87.5
2022-02-16,Wed,591211,86134,84.7,86.3,,90.8
2022-02-18,Fri,618927,94610,85.7,89.3,,90.8
2022-02-19,Sat,644238,91385,88.0,92.3,,93.5
2022-02-21,Mon,648891,83663,86.2,88.3,,90.3
2022-02-23,Wed,580805,84940,82.7,87.3,,88.7
2022-02-24,Thu,604333,87071,85.6,88.2,,89.2
2022-02-25,Fri,636511,99474,88.4,93.4,,95.1
2022-02-26,Sat,674699,101442,90.8,94.8,,95.3
2022-03-01,Tue,619634,92810,77.0,85.7,,84.8
2022-03-02,Wed,618966,100257,76.9,85.3,,85.1
2022-03-06,Sun,729911,112604,85.0,87.8,,89.2
2022-03-10,Thu,666607,97327,79.9,84.4,,87.2
2022-03-11,Fri,696327,113213,82.6,87.8,,87.9
2022-03-14,Mon,714796,101205,81.7,86.6,,85.6
2022-03-18,Fri,595282,114540,70.6,80.7,,80.1
2022-03-19,Sat,625654,112117,73.8,86.4,,86.1
2022-03-20,Sun,734760,118296,83.8,91.4,,94.1
2022-03-21,Mon,760712,105823,85.2,89.8,,91.2
2022-03-22,Tue,691232,101561,81.9,87.8,,88.2
2022-03-23,Wed,695541,109121,82.7,88.7,,88.1
2022-03-25,Fri,709508,120703,86.4,91.3,,90.1
2022-03-26,Sat,741089,115532,88.0,90.4,,93.2
2022-03-27,Sun,754899,111195,87.0,82.8,,90.1
2022-03-28,Mon,702311,111885,78.5,82.4,,79.2
2022-03-31,Thu,609980,113954,77.4,80.7,,77.2
2022-04-01,Fri,645810,128814,76.2,80.6,,82.3
2022-04-03,Sun,681191,127157,79.7,81.7,,84.4
2022-04-04,Mon,628780,117871,73.6,75.3,,78.4
2022-04-06,Wed,598465,112448,77.6,76.3,,78.1
2022-04-05,Tue,599290,107872,74.9,75.4,,75.8
2022-04-07,Thu,604447,109565,77.5,77.4,,78.9
2022-04-08,Fri,671428,121253,81.8,82.3,,85.9
2022-04-09,Sat,720603,119570,83.5,83.2,,88.4
2022-04-10,Sun,757531,124458,85.6,84.2,,91.1
2022-04-11,Mon,680104,114675,79.8,79.3,,85.1
2022-04-13,Wed,743940,110257,84.1,79.7,,90.1
2022-04-21,Thu,671879,111511,73.6,77.4,,83.1
2022-04-30,Sat,758001,138290,81.8,86.3,,90.1
2022-05-11,Wed,682598,124415,80.4,79.6,,88.1
2022-05-13,Fri,760027,136071,83.6,83.4,,89.4
2022-05-14,Sat,772481,138542,86.5,87.3,,93.0
2022-05-15,Sun,795326,139679,86.8,85.4,,93.6
2022-05-16,Mon,774966,136890,84.7,85.4,,90.6
2022-06-02,Thu,714821,140928,78.9,82.6,,85.1
2022-11-29,Tue,780102,163957,85.9,92.4,71.3,92.2
2022-12-03,Sat,805934,176104,88.8,94.7,86.3,95.8
2023-01-03,Tue,809057,171688,83.7,92.2,80.8,91.8
2023-01-07,Sat,825678,185562,84.4,92.2,86.3,89.5
2023-02-01,Wed,819777,170475,81.5,94.3,83.3,92.7
2023-02-02,Thu,815655,172054,80.6,93.2,81.3,91.7
2023-02-19,Sun,886446,184491,89.1,94.4,87.4,96.7
2023-02-18,Sat,873799,179688,86.3,95.3,86.9,96.0
2023-03-04,Sat,895854,189155,89.5,94.2,85.5,97.2
2023-03-05,Sun,884806,189971,88.7,92.4,84.9,96.3
2023-03-06,Mon,847952,178646,83.5,89.3,73.9,93.2
2023-03-09,Thu,813306,166142,79.9,87.3,71.6,91.4
2023-03-10,Fri,839826,176605,84.3,89.2,75.9,95.8
2023-03-11,Sat,873128,176343,86.9,92.3,81.3,97.2
2023-03-12,Sun,888834,182771,90.0,93.2,84.4,97.6
2023-03-13,Mon,877084,169138,87.7,95.2,83.4,96.4
2023-03-14,Tue,859666,162283,87.2,93.4,78.4,94.0
2023-03-15,Wed,858861,171917,87.7,94.2,74.6,97.1
2023-03-17,Fri,880424,184284,89.3,95.3,80.0,96.7
2023-03-18,Sat,884929,181020,88.5,95.4,79.9,97.2
2023-03-19,Sun,859240,180575,88.7,94.5,81.5,96.4
2023-03-20,Mon,842214,174288,85.4,92.4,73.1,94.4
2023-03-21,Tue,813752,164587,81.7,88.5,66.3,90.1
2023-03-22,Wed,806161,167154,82.3,89.4,72.7,92.1
2023-03-23,Thu,804036,168363,81.0,89.6,67.7,88.5
2023-03-24,Fri,811087,175199,81.9,90.2,70.7,91.3
2023-03-25,Sat,828352,178182,86.2,92.3,78.0,93.6
2023-03-26,Sun,842158,179045,85.0,89.4,74.0,92.6
2023-03-27,Mon,810413,166382,80.7,88.3,67.7,89.2
2023-03-28,Tue,775578,153500,76.4,85.4,63.8,86.6
2023-03-29,Wed,770006,163276,77.7,85.3,69.7,87.8
2023-03-30,Thu,795801,164221,78.8,85.4,71.1,88.5
2023-03-31,Fri,827380,185555,82.8,91.3,80.0,88.8
2023-04-01,Sat,838984,180829,85.4,90.4,77.4,93.2
2023-04-02,Sun,851291,178256,86.6,90.3,78.0,94.8
2023-04-03,Mon,828318,165784,82.9,88.4,75.0,90.1
2023-04-04,Tue,815895,156862,82.8,89.3,80.1,89.8
2023-04-05,Wed,822974,166140,84.3,89.4,81.9,90.4
2023-04-06,Thu,855186,169979,86.9,93.2,83.7,92.1
2023-04-07,Fri,882655,177251,89.3,93.3,87.7,95.7
2023-04-08,Sat,873891,170627,88.4,92.5,88.2,95.5
2023-04-09,Sun,898685,173066,91.6,92.4,88.9,95.8
2023-04-10,Mon,872698,169431,91.0,94.2,88.3,93.9
2023-04-11,Tue,848553,158200,87.3,92.3,82.3,88.8
2023-04-12,Wed,838207,156231,86.2,90.3,86.7,89.5
2023-04-14,Fri,853839,167392,87.2,90.3,85.8,90.0
2023-04-15,Sat,839919,172285,85.3,90.5,85.1,90.4
2023-04-16,Sun,865076,175176,89.7,93.3,88.9,93.1
2023-04-17,Mon,856297,167394,87.4,92.4,85.8,89.2
2023-04-18,Tue,826591,165929,83.9,90.3,80.9,85.0
2023-04-19,Wed,821528,169522,84.8,91.4,84.0,87.0
2023-04-20,Thu,837793,178304,85.8,90.3,84.9,85.5
2023-04-21,Fri,849938,179304,87.1,93.2,89.2,90.6
2023-04-22,Sat,858692,174180,85.8,89.2,90.5,90.7
2023-04-23,Sun,869400,174274,88.9,89.3,89.2,95.1
2023-04-24,Mon,867778,166391,87.9,90.2,90.7,92.5
2023-04-25,Tue,866876,163492,87.4,90.3,91.0,90.0
2023-04-26,Wed,865741,170113,89.2,93.0,93.5,90.3
2023-04-27,Thu,877455,176702,89.3,94.0,92.1,92.1
2023-04-28,Fri,892097,187624,90.8,93.0,93.1,95.1
2023-04-29,Sat,905343,192222,91.6,93.2,95.0,96.1
2023-04-30,Sun,913336,195314,92.1,93.3,92.8,96.6
2023-05-01,Mon,899412,187049,91.8,92.4,92.2,93.5
2023-05-02,Tue,856946,177676,90.2,92.3,93.3,91.3
2023-05-03,Wed,833552,174858,91.8,94.0,97.1,94.3
2023-05-04,Thu,846800,179139,92.1,93.4,94.3,94.6
2023-05-05,Fri,846946,183174,92.3,94.2,91.8,92.8
2023-05-06,Sat,846947,180860,91.7,95.3,92.2,96.5
2023-05-07,Sun,857781,183752,92.2,95.2,92.8,97.2
2023-05-08,Mon,850259,174714,88.9,96.0,89.6,95.1
2023-05-09,Tue,838105,162411,90.6,95.0,86.7,93.2
2023-05-10,Wed,834159,174306,91.2,95.2,90.3,95.1
2023-05-11,Thu,833748,178750,91.2,95.3,91.7,94.5
2023-05-12,Fri,849560,181188,91.7,94.3,94.7,95.8
2023-05-13,Sat,846919,184292,91.7,94.3,94.7,95.8
2023-05-14,Sun,861930,185631,92.6,95.3,93.7,97.3
2023-05-15,Mon,850247,180117,91.4,96.0,92.5,95.2
2023-05-16,Tue,842827,168907,90.7,96.0,91.9,93.1
2023-05-17,Wed,837053,171214,91.5,93.3,93.1,95.1
2023-05-18,Thu,842692,179620,91.4,96.0,92.7,92.5
2023-05-19,Fri,843542,183529,91.8,94.0,93.3,95.8
2023-05-20,Sat,861212,187646,92.5,94.0,94.1,96.2
2023-05-21,Sun,866421,188662,93.2,92.0,94.3,96.4
2023-05-22,Mon,861355,180342,92.0,90.0,93.0,96.1
2023-05-23,Tue,852818,171187,91.1,89.0,92.7,93.4
2023-05-24,Wed,849385,177210,91.9,92.0,95.0,94.5
2023-05-25,Thu,855292,177698,92.2,93.0,93.3,93.1
2023-05-26,Fri,861666,186008,92.4,92.0,94.2,94.6
2023-05-27,Sat,864154,187402,92.9,94.2,95.9,95.5
2023-05-28,Sun,862179,194664,91.8,92.3,95.5,96.0
2023-05-29,Mon,848302,184430,88.8,90.2,90.9,91.1
2023-05-30,Tue,838713,173843,89.1,90.2,92.5,86.5
2023-05-31,Wed,841447,184653,89.9,91.0,94.6,88.7
2023-06-02,Fri,849882,188833,90.9,91.3,94.7,89.6
2023-06-03,Sat,860439,190400,92.2,92.2,95.6,90.1
2023-06-04,Sun,862867,192856,92.6,92.4,96.0,90.7
2023-06-05,Mon,854815,185938,91.3,91.3,95.0,89.5
2023-06-06,Tue,847193,171208,90.6,90.2,94.8,89.3
2023-06-07,Wed,834399,176319,91.1,91.3,94.6,94.5
2023-06-08,Thu,852420,180442,91.7,91.2,92.6,93.0
2023-06-09,Fri,853297,189602,92.6,93.0,92.4,95.6
2023-06-10,Sat,861312,191126,92.7,91.3,93.6,94.5
2023-06-11,Sun,860197,196043,92.0,92.3,93.2,94.1
2023-06-12,Mon,834370,181154,90.9,90.4,90.6,91.8
2023-06-13,Tue,822169,170796,90.1,87.3,90.2,87.4
2023-06-14,Wed,814458,182823,91.2,87.6,92.6,90.5
2023-06-15,Thu,824706,182831,90.7,92.4,87.7,91.0
2023-06-16,Fri,823060,190875,91.3,91.8,87.6,93.1
2023-06-17,Sat,830651,186878,91.8,93.0,89.7,92.2
2023-06-18,Sun,839275,191840,91.5,94.3,89.6,94.7
2023-06-19,Mon,822090,187859,90.5,90.6,88.3,91.5
2023-06-23,Fri,836062,183589,91.3,93.4,92.5,91.1
2023-06-24,Sat,829385,183162,91.9,93.2,93.8,92.5
2023-06-25,Sun,843229,188793,92.3,94.7,92.7,94.8
2023-06-26,Mon,832159,177686,90.8,93.6,91.6,90.1
2023-06-27,Tue,818913,163272,89.7,92.2,93.3,85.1
2023-06-28,Wed,820445,175260,89.7,92.8,92.2,88.7
2023-06-29,Thu,815647,177466,88.3,90.6,92.4,85.1
2023-06-30,Fri,802406,183088,87.5,90.6,91.7,85.5
2023-07-01,Sat,820477,187883,89.6,90.1,92.3,93.1
2023-07-02,Sun,839323,186389,89.3,93.1,94.8,95.6
2023-07-03,Mon,819434,188997,87.6,90.3,92.6,92.5
2023-07-04,Tue,803951,171166,86.0,89.2,92.9,89.1
2023-07-05,Wed,799378,180266,87.1,90.8,93.3,91.2
2023-07-08,Sat,830795,184102,87.9,91.7,94.0,91.6
2023-07-09,Sun,804023,190231,87.1,92.1,90.7,92.1
2023-07-10,Mon,796963,189478,84.7,90.5,88.3,89.2
2023-07-11,Tue,777605,164256,80.5,87.2,87.9,88.4
2023-07-12,Wed,785382,175170,82.4,88.6,88.0,90.1
2023-07-13,Thu,793179,179722,83.0,89.2,87.1,87.6
2023-07-14,Fri,813535,188275,87.0,89.7,90.7,91.4
2023-07-15,Sat,823238,194111,87.7,92.0,93.3,93.1
2023-07-17,Mon,782502,187203,82.0,88.0,86.4,87.7
2023-07-18,Tue,759973,174003,79.4,85.0,86.5,87.5
2023-07-19,Wed,754681,177237,80.9,87.0,87.9,85.1
2023-07-20,Thu,765088,182194,81.2,87.0,86.4,84.2
2023-07-21,Fri,790480,188179,83.4,87.0,86.5,86.1
2023-07-22,Sat,792964,189141,83.6,88.6,91.3,87.5
2023-07-23,Sun,799189,190011,84.6,90.4,88.2,90.6
2023-07-24,Mon,766686,173206,79.7,86.3,85.3,83.4
2023-07-25,Tue,733705,169890,76.9,81.4,80.9,85.1
2023-07-26,Wed,729856,174669,77.1,83.2,82.1,85.2
2023-07-27,Thu,739451,181357,78.8,85.0,83.3,84.4
2023-07-28,Fri,767942,186912,82.1,90.4,88.2,86.5
2023-07-29,Sat,771658,193237,81.4,89.3,88.2,85.2
2023-07-30,Sun,772521,195902,83.5,90.0,87.4,88.1
2023-07-31,Mon,748706,192193,79.4,86.0,85.4,80.1
2023-08-01,Tue,728232,178094,79.1,81.2,83.1,81.2
2023-08-02,Wed,725132,182788,77.6,82.1,81.6,83.1
2023-08-03,Thu,746931,185007,77.9,84.2,84.7,80.3
2023-08-04,Fri,777718,189912,82.3,88.2,88.1,88.8
2023-08-05,Sat,797476,193778,83.6,88.4,92.7,89.7
2023-08-06,Sun,822521,193824,86.7,92.4,92.3,94.6
2023-08-07,Mon,790146,183935,82.5,86.2,87.0,90.7
2023-08-08,Tue,768972,172564,80.1,86.0,85.8,88.1
2023-08-09,Wed,784162,178041,84.2,89.2,93.9,94.2
2023-08-10,Thu,825589,182310,88.4,93.0,95.4,91.4
2023-08-11,Fri,847136,189707,89.4,94.0,94.1,94.8
2023-08-13,Sun,848641,188362,86.9,91.0,94.3,95.6
2023-08-14,Mon,772728,182644,78.1,86.0,84.7,93.2
2023-08-15,Tue,785749,172696,80.0,89.2,90.2,92.4
2023-08-28,Mon,804442,172698,81.3,88.3,82.6,90.1
2023-09-20,Wed,774012,166606,80.8,87.3,87.0,88.2
2023-10-13,Fri,813555,189544,81.5,90.4,87.8,86.5
2023-10-14,Sat,797896,191591,78.9,89.7,86.2,89.5
2023-10-15,Sun,818385,196934,81.7,89.5,83.3,91.4
2023-10-16,Mon,768130,186872,77.9,87.6,80.4,82.0
2023-10-17,Tue,759274,174410,79.1,89.2,82.1,81.0
2023-10-18,Wed,762241,170017,79.8,88.3,86.7,87.1
2023-10-19,Thu,815849,181181,82.1,88.6,85.8,88.2
2023-10-20,Fri,838877,184432,85.8,92.2,88.7,90.8
2023-10-21,Sat,857177,198179,86.0,92.4,91.2,91.2
2023-10-22,Sun,814237,192385,79.6,87.7,87.2,89.1
2023-10-23,Mon,731069,184398,72.9,82.4,83.3,84.2
2023-10-24,Tue,777381,167681,79.1,88.2,87.0,86.3
2023-10-25,Wed,832066,178622,83.9,91.7,91.2,91.6
2023-10-26,Thu,832757,178928,84.5,91.3,89.6,90.1
2023-10-27,Fri,773613,188555,85.0,90.5,91.1,93.3
2023-10-28,Sat,843447,193913,85.9,91.5,93.1,94.1
2023-10-29,Sun,838516,199287,87.4,93.4,93.3,93.2
2023-10-30,Mon,823478,192327,85.7,91.6,90.3,88.5
2023-10-31,Tue,799718,183742,82.4,90.4,88.2,85.3
2023-11-01,Wed,778324,186975,81.3,82.3,88.1,83.1
2023-11-02,Thu,804418,184411,83.8,87.7,85.1,84.3
2023-11-04,Sat,824436,200588,84.5,88.2,91.3,90.0
2023-11-05,Sun,864661,204939,86.6,90.7,89.8,92.2
2023-11-06,Mon,826891,190169,83.2,87.4,88.2,89.5
2023-11-07,Tue,794495,176135,83.2,83.2,85.4,85.7
2023-11-08,Wed,788742,186200,80.2,84.6,88.3,82.2
2023-11-09,Thu,803215,187177,80.7,85.4,85.9,83.1
2023-11-10,Fri,831148,187907,82.4,88.2,85.8,85.1
2023-11-11,Sat,802587,203348,78.3,82.7,84.7,86.1
2023-11-12,Sun,649929,183626,64.2,68.3,70.8,74.8
2023-11-13,Mon,721302,183937,72.6,76.4,82.6,83.4
2023-11-14,Tue,793297,183125,79.5,84.5,87.5,90.1
2023-11-15,Wed,823886,194093,84.2,89.6,93.4,94.3
2023-11-16,Thu,835150,193223,85.9,89.8,91.6,93.5
2023-11-17,Fri,866752,198273,87.1,92.1,93.6,93.2
2023-11-18,Sat,912469,215508,90.1,94.5,96.8,95.4
2023-11-19,Sun,912906,214259,91.7,95.4,97.0,95.7
2023-11-20,Mon,921647,204319,91.6,96.4,94.4,96.1
2023-11-21,Tue,917157,192738,91.0,94.6,95.8,94.2
2023-11-22,Wed,913744,204977,91.7,95.4,95.7,95.3
2023-11-23,Thu,926376,202132,92.2,94.4,96.6,95.5
2023-11-25,Sat,936804,218840,93.6,95.7,96.6,97.1
2023-11-27,Mon,915937,215227,91.7,94.6,95.7,94.6
2023-11-26,Sun,928399,228266,93.2,94.3,97.4,97.2
2023-11-28,Tue,900174,196830,90.2,93.1,94.8,91.6
2023-11-30,Thu,877894,212988,89.4,94.2,95.3,93.1
2023-12-01,Fri,879486,212837,89.5,90.7,94.2,92.5
2023-12-02,Sat,876476,213120,90.0,92.6,94.6,93.3
2023-12-03,Sun,894801,216260,90.0,92.6,94.6,93.3
2023-12-04,Mon,804518,200592,90.4,88.4,95.5,92.5
2023-12-06,Wed,892776,208868,92.5,93.6,96.7,92.2
2023-12-07,Thu,908252,202607,91.8,93.6,95.7,92.0
2023-12-08,Fri,907918,210272,90.9,93.1,93.1,92.6
2023-12-10,Sun,918236,224730,90.9,93.5,93.7,96.2
2023-12-11,Mon,891562,206915,89.5,90.7,92.5,92.5
2023-12-13,Wed,901985,207143,90.8,92.6,93.8,94.2
2023-12-14,Thu,913992,207499,91.3,93.5,93.1,94.2
2023-12-12,Tue,899179,198811,89.2,91.8,92.9,92.4
2023-12-15,Fri,907012,214079,91.1,93.6,93.1,93.6
2023-12-16,Sat,913737,221605,91.5,94.4,94.4,92.2
2023-12-18,Mon,906211,215643,91.1,92.7,92.1,90.1
2023-12-19,Tue,909062,199146,90.8,94.2,92.9,93.2
2023-12-20,Wed,918857,216779,92.0,94.6,95.0,95.3
2023-12-21,Thu,918999,211654,91.5,94.2,93.6,95.1
2023-12-22,Fri,926947,218337,91.7,94.8,94.3,94.8
2023-12-25,Mon,888481,214594,91.3,92.6,94.1,93.2
2023-12-23,Sat,930878,221815,92.0,93.1,94.4,94.4
2023-12-26,Tue,887024,203509,89.3,93.4,92.2,92.9
2023-12-28,Thu,854834,207063,91.8,95.2,94.5,91.8
2023-12-27,Wed,863394,203614,90.7,92.6,94.8,93.1
2023-12-29,Fri,872386,213795,89.9,93.7,94.5,92.1
2023-12-30,Sat,882455,218140,88.3,91.3,93.5,92.8
2023-12-31,Sun,853844,154815,86.3,88.0,92.1,89.7
2024-01-01,Mon,824050,211428,83.8,88.5,88.2,87.0
2024-01-02,Tue,841664,205475,86.3,90.4,91.9,92.5
2024-01-03,Wed,852279,216510,87.1,89.1,92.2,92.6
2024-01-04,Thu,851460,208783,87.5,89.8,93.2,92.2
2024-01-05,Fri,855709,214804,88.4,92.1,91.9,91.8
2024-01-06,Sat,853059,231645,89.9,92.6,93.1,92.7
2024-01-07,Sun,896930,227990,91.3,95.3,91.9,91.6
2024-01-08,Mon,875530,209321,89.53,94.2,90.5,88.8
2024-01-09,Tue,863281,205681,87.7,89.2,91.1,90.0
2024-01-10,Wed,870927,210917,89.0,92.6,92.1,90.2
2024-01-11,Thu,874597,208706,89.2,92.2,93.2,89.1
2024-01-12,Fri,865955,215980,88.7,93.4,93.4,92.6
2024-01-13,Sat,870165,221744,90.5,91.8,94.5,94.1
2024-01-14,Sun,744842,219004,90.5,91.8,94.5,94.1
2024-01-15,Mon,782525,208489,92.6,95.5,92.5,90.1
2024-01-16,Tue,840723,202549,92.8,95.2,93.5,94.2
2024-01-17,Wed,850065,210370,91.1,94.8,93.6,94.6
2024-01-18,Thu,849541,211818,91.2,95.0,93.6,94.6
2024-01-19,Fri,831807,223201,92.5,96.2,93.7,94.2
2024-01-20,Sat,838228,220971,92.6,96.1,93.6,96.1
2024-01-21,Sun,842951,225866,91.5,95.3,93.1,95.6
2024-01-22,Mon,842951,210173,91.5,95.3,93.1,95.6
2024-01-23,Tue,819355,191904,89.7,94.3,92.1,94.1
2024-01-24,Wed,823962,203279,90.3,94.7,92.4,95.1
2024-01-25,Thu,845426,203238,90.3,95.8,92.8,95.3
2024-01-26,Fri,840802,210817,89.9,92.4,90.9,96.8
2024-01-27,Sat,858270,217882,87.6,90.2,92.0,96.9
2024-01-28,Sun,879804,222897,89.9,94.6,93.0,96.4
2024-01-29,Mon,883186,214380,88.8,93.1,89.3,93.5
2024-01-30,Tue,858034,196296,87.7,90.6,91.5,91.6
2024-01-31,Wed,842654,204718,88.4,90.3,91.8,92.5
2024-02-01,Thu,852796,207574,88.9,92.1,92.8,92.1
2024-02-02,Fri,860537,214771,88.7,89.5,92.1,92.2
2024-02-03,Sat,874935,216808,90.4,92.9,92.8,93.3
2024-02-04,Sun,870980,215226,90.5,92.8,92.8,95.3
2024-02-05,Mon,881828,205662,89.4,90.2,90.8,94.2
2024-02-06,Tue,875740,202544,87.3,88.3,91.1,94.3
2024-02-07,Wed,872826,198414,88.6,90.6,91.3,94.1
2024-02-08,Thu,887007,193119,89.1,92.7,92.2,94.0
2024-02-09,Fri,886086,208026,89.1,93.5,93.1,95.1
2024-02-10,Sat,895261,217472,90.1,93.9,93.3,96.3
2024-02-11,Sun,895473,219331,90.2,93.1,92.6,96.1
2024-02-12,Mon,879810,209760,88.3,92.7,89.6,95.3
2024-02-13,Tue,872796,190199,86.0,89.6,90.6,93.4
2024-02-14,Wed,875663,206690,86.0,88.8,91.1,93.1
2024-02-15,Thu,882772,199930,89.2,93.2,93.5,93.5
2024-02-16,Fri,890066,206984,89.9,93.8,93.6,95.6
2024-02-17,Sat,896668,216945,90.4,93.9,93.8,97.1
2024-02-18,Sun,898603,214530,90.9,94.5,92.0,96.7
2024-02-19,Mon,884513,207527,88.9,92.6,91.4,94.7
2024-02-21,Wed,876312,199850,88.9,94.3,93.2,95.2
2024-02-22,Thu,880843,195435,88.4,92.2,93.1,95.0
2024-02-23,Fri,886237,205399,89.1,93.7,93.2,95.6
2024-02-24,Sat,882137,211857,89.3,94.6,93.4,95.3
2024-02-25,Sun,887339,216115,89.1,94.7,93.6,96.4
2024-02-26,Mon,889143,205326,87.0,92.3,90.6,95.8
2024-02-27,Tue,863282,189002,85.0,90.1,89.7,92.6
2024-02-28,Wed,857210,198568,86.6,89.8,91.2,93.7
2024-02-29,Thu,876660,205625,86.8,91.2,91.9,92.4
2024-03-01,Fri,869931,208290,86.5,89.6,90.7,92.3
2024-03-02,Sat,862246,216005,85.9,87.6,92.6,92.8
2024-03-03,Sun,876992,221664,87.4,91.0,90.9,94.5
2024-03-04,Mon,871396,207158,85.4,87.5,89.9,92.8
2024-03-05,Tue,862808,192868,84.9,87.5,89.2,91.2
2024-03-06,Wed,868446,199313,86.1,89.5,91.5,93.1
2024-03-07,Thu,892689,197340,87.4,90.5,91.6,92.1
2024-03-08,Fri,883111,201589,86.8,90.4,91.5,93.7
2024-03-09,Sat,873441,210422,86.2,90.2,90.4,94.1
2024-03-10,Sun,900606,223039,88.6,93.4,91.3,94.4
2024-03-11,Mon,878273,198683,85.6,90.6,87.7,93.8
2024-03-12,Tue,854860,182783,83.3,87.2,86.6,90.2
2024-03-13,Wed,841470,179543,84.2,86.6,86.6,91.5
2024-03-14,Thu,864584,194566,86.0,88.0,90.4,92.4
2024-03-15,Fri,878303,194307,88.7,89.0,91.4,91.2
2024-03-16,Sat,895547,208498,89.2,90.1,93.3,94.4
2024-03-17,Sun,898354,206817,89.7,91.0,90.6,94.6
2024-03-18,Mon,884972,187015,87.1,88.2,89.6,92.8
2024-03-19,Tue,860875,174265,84.7,86.3,87.1,91.6
2024-03-20,Wed,863570,187020,86.7,89.7,88.7,94.1
2024-03-21,Thu,889531,191627,87.4,89.6,88.4,93.1
2024-03-22,Fri,907850,198335,88.4,91.3,91.1,94.6
2024-03-24,Sun,871249,205574,82.3,86.2,84.2,92.0
2024-03-25,Mon,796330,197921,72.7,79.8,75.7,89.2
2024-03-26,Tue,830151,181343,79.7,87.2,83.4,91.5
2024-03-27,Wed,845453,187332,81.2,87.6,83.7,91.4
2024-03-28,Thu,870640,191611,83.6,88.4,83.2,91.6
2024-03-29,Fri,866960,204255,84.2,87.4,86.2,93.0
2024-03-30,Sat,862657,210840,84.6,86.7,86.9,95.1
2024-03-31,Sun,887226,209921,84.9,92.3,87.6,94.0
2024-04-01,Mon,883626,197791,87.6,90.2,85.6,92.5
2024-04-02,Tue,847952,188280,84.6,85.4,83.2,87.6
2024-04-03,Wed,843001,189132,85.2,87.3,84.8,86.0
2024-04-04,Thu,861438,194743,86.3,88.4,84.9,85.1
2024-04-05,Fri,888025,199069,87.8,91.5,87.3,88.2
2024-04-06,Sat,895903,208045,89.0,92.1,88.7,90.0
2024-04-07,Sun,903151,211235,89.3,92.0,89.3,92.6
2024-04-08,Mon,868674,196685,84.5,85.5,81.4,88.0
2024-04-09,Tue,832599,192251,82.6,85.9,81.4,84.5
2024-04-10,Wed,848010,189313,84.4,88.4,84.9,87.2
2024-04-11,Thu,852655,189290,83.3,85.5,81.8,86.6
2024-04-12,Fri,853985,192016,83.2,87.5,86.0,86.8
2024-04-13,Sat,880054,203891,87.2,91.4,89.2,91.8
2024-04-14,Sun,917888,209203,90.8,95.0,91.2,92.6
2024-04-15,Mon,899312,214447,88.9,93.6,88.7,91.4
2024-04-16,Tue,873516,189011,86.0,90.2,88.2,87.5
2024-04-17,Wed,860985,168834,87.2,92.8,88.5,90.0
2024-04-18,Thu,875133,181877,85.9,90.7,87.0,87.0
2024-04-19,Fri,886145,185811,87.3,90.9,87.4,86.1
2024-04-20,Sat,910953,205632,88.9,92.6,91.7,90.2
2024-04-21,Sun,935723,211624,90.6,95.0,92.1,93.7
2024-04-22,Mon,920241,200976,88.8,92.8,87.9,92.2
2024-04-24,Wed,892743,197995,88.1,92.7,89.4,90.5
2024-04-25,Thu,903042,197096,88.4,92.6,92.1,90.6
2024-04-26,Fri,915348,202708,89.4,93.1,91.8,92.0
2024-04-27,Sat,923845,210293,89.5,93.8,92.6,93.1
2024-04-28,Sun,927541,219617,89.5,93.9,91.6,95.9
2024-04-30,Tue,895740,194399,86.2,91.5,86.8,94.2
2024-05-01,Wed,895007,208526,88.4,91.5,91.2,95.1
2024-05-02,Thu,872587,204121,84.4,85.7,84.0,89.2
2024-05-03,Fri,875645,201019,85.3,85.8,87.0,90.5
2024-05-04,Sat,901738,214256,87.3,88.7,89.4,92.0
2024-05-05,Sun,904212,215269,88.9,90.8,88.4,93.4
2024-05-06,Mon,885814,200618,86.3,88.6,87.3,92.3
2024-05-07,Tue,865932,191838,85.2,85.7,84.1,89.1
2024-05-08,Wed,886906,192912,88.6,88.2,90.3,93.1
2024-05-09,Thu,872670,193502,89.1,92.2,88.2,88.2
2024-05-10,Fri,881811,196198,91.9,94.3,93.9,94.5
2024-05-11,Sat,906365,209418,92.7,95.3,95.1,94.6
2024-05-12,Sun,924630,214976,91.1,93.0,93.5,95.9
2024-05-13,Mon,893089,207101,88.6,92.0,89.1,93.3
2024-05-14,Tue,894732,192838,89.5,93.0,89.2,92.4
2024-05-15,Wed,895747,201092,89.2,93.7,87.7,94.8
2024-05-16,Thu,910973,204547,89.5,92.4,91.1,94.1
2024-05-17,Fri,926895,214492,92.0,96.6,93.8,95.3
2024-05-18,Sat,925325,215161,90.6,95.2,92.2,96.2
2024-05-19,Sun,919103,221248,90.6,95.2,92.2,96.2
2024-05-20,Mon,902924,207069,88.0,94.6,89.7,94.7
2024-05-22,Wed,897156,207576,89.1,92.4,90.8,93.8
2024-05-23,Thu,927087,205069,90.0,94.7,92.4,93.7
2024-05-24,Fri,918503,210271,90.0,95.4,93.9,94.8
2024-05-25,Sat,922068,217758,90.7,95.4,93.5,94.6
2024-05-26,Sun,863423,217356,92.3,95.8,93.5,95.9
2024-05-27,Mon,873895,210788,90.0,91.0,90.1,92.8
2024-05-28,Tue,882285,205170,88.1,89.3,89.5,91.6
2024-05-29,Wed,877599,207777,86.6,89.5,88.0,90.5
2024-05-30,Thu,878664,212646,87.4,89.1,87.7,92.3
2024-05-31,Fri,901455,217807,88.9,91.3,89.9,93.1
2024-06-01,Sat,889706,214462,88.7,91.0,91.1,94.2
2024-06-02,Sun,895268,222182,87.2,89.5,88.5,93.4
2024-06-04,Tue,814418,192533,82.9,79.6,81.4,88.0
2024-06-05,Wed,861296,206934,86.1,87.2,88.1,88.5
2024-06-06,Thu,877861,205126,87.1,87.3,87.1,90.1
2024-06-07,Fri,909934,211313,89.7,92.4,91.8,91.3
2024-06-08,Sat,923661,218966,91.0,93.6,93.8,94.8
2024-06-09,Sun,894181,220792,90.9,93.2,91.5,96.6
2024-06-10,Mon,893435,210313,88.1,89.2,90.4,94.4
2024-06-11,Tue,881091,194577,86.2,84.7,90.1,91.5
2024-06-12,Wed,888129,201546,87.0,88.5,92.4,89.1
2024-06-13,Thu,898492,203682,87.2,88.6,89.6,90.5
2024-06-14,Fri,913525,190703,90.6,94.3,94.0,93.0
2024-06-15,Sat,928649,203610,91.5,95.2,93.6,94.2
2024-06-16,Sun,923165,208517,89.5,90.1,93.6,94.3
2024-06-17,Mon,907654,196254,88.7,90.6,91.7,90.6
2024-06-18,Tue,876563,192725,85.1,88.1,90.0,86.0
2024-06-19,Wed,870568,198092,86.4,88.3,91.3,88.5
2024-06-20,Thu,883935,201160,87.0,85.1,89.9,87.0
2024-06-21,Fri,894588,205427,88.1,87.1,91.2,89.5
2024-06-22,Sat,901173,220474,88.5,86.4,90.7,88.2
2024-06-23,Sun,919305,224915,89.9,89.7,91.3,91.1
2024-06-24,Mon,886521,208831,86.2,85.5,88.4,86.0
2024-06-25,Tue,870321,201958,84.7,86.1,86.3,85.4
2024-06-26,Wed,854687,201062,86.6,90.0,87.8,90.6
2024-06-29,Sat,892427,217664,89.3,89.6,89.5,91.7
2024-07-01,Mon,868706,204730,85.3,84.0,86.6,88.5
2024-07-02,Tue,834203,196492,80.7,80.1,81.8,84.0
2024-07-03,Wed,832336,204003,80.7,84.5,86.0,85.2
2024-07-04,Thu,849401,197821,84.3,88.0,86.2,88.2
2024-07-05,Fri,871657,202444,87.1,89.0,90.5,90.6
2024-07-06,Sat,873785,208984,89.4,90.2,90.1,90.1
2024-07-07,Sun,895855,204738,90.7,92.5,91.2,92.6
2024-07-08,Mon,870637,190214,88.6,88.5,87.1,91.7
2024-07-09,Tue,855255,190618,87.1,83.5,87.7,88.9
2024-07-10,Wed,880978,196381,89.5,91.3,90.9,89.3
2024-07-11,Thu,874619,193901,88.9,89.3,89.3,86.1
2024-07-12,Fri,894474,194211,91.4,93.4,89.9,93.4
2024-07-13,Sat,497434,199813,91.8,91.7,92.4,95.2
2024-07-14,Sun,901061,208280,92.4,93.2,91.4,93.0
2024-07-15,Mon,893311,202041,88.8,88.7,89.9,89.2
2024-07-16,Tue,870761,191921,85.8,84.8,86.3,88.0
2024-07-17,Wed,874288,196465,87.1,90.4,88.2,92.0
2024-07-18,Thu,847851,195840,84.3,86.3,85.2,91.0
2024-07-19,Fri,759745,196741,84.2,88.2,85.2,89.8
2024-07-20,Sat,825495,212296,88.4,96.2,86.6,91.5
2024-07-21,Sun,878346,217262,89.3,91.7,87.5,92.8
2024-07-22,Mon,852085,204331,84.3,88.2,83.2,88.8
2024-07-23,Tue,814366,197207,79.4,84.5,79.9,86.0
2024-07-24,Wed,800588,200506,80.3,87.1,81.0,85.5
2024-07-25,Thu,816814,203981,81.6,88.4,86.1,85.1
2024-07-26,Fri,844006,207648,83.5,89.2,84.1,89.1
2024-07-27,Sat,849203,211695,83.3,88.6,86.3,89.7
2024-07-28,Sun,851560,217169,84.4,87.5,83.4,89.9
2024-07-30,Tue,754598,195850,73.8,78.2,75.8,82.5
2024-07-31,Wed,767671,197661,78.2,84.3,80.1,83.6
2024-08-01,Thu,795606,205091,81.0,81.2,81.7,85.4
2024-08-03,Sat,811115,207322,81.0,81.2,81.7,85.4
2024-08-04,Sun,845976,214730,83.9,87.3,85.1,91.5
2024-08-05,Mon,837219,201467,80.0,82.3,80.0,83.5
2024-08-06,Tue,792375,197213,77.5,79.2,78.3,74.3
2024-08-07,Wed,818428,200034,80.6,86.5,83.3,86.1
2024-08-08,Thu,848263,200653,83.8,87.4,84.5,82.0
2024-08-09,Fri,877613,211511,86.0,90.0,86.7,85.0
2024-08-10,Sat,896951,213132,88.6,93.2,91.6,87.9
2024-08-11,Sun,900300,212278,88.2,91.3,90.5,90.0
2024-08-12,Mon,868602,198236,83.6,86.2,88.3,83.1
2024-08-13,Tue,856710,193126,83.6,89.3,88.8,87.2
2024-08-14,Wed,891538,193343,86.8,92.1,90.9,88.9
2024-08-15,Thu,896669,203561,84.8,90.2,91.1,89.4
2024-08-16,Fri,835859,205173,80.3,85.6,87.3,88.6
2024-08-17,Sat,878571,212069,83.6,87.4,90.8,85.0
2024-08-18,Sun,906341,214615,85.0,87.2,91.8,90.2
2024-08-19,Mon,886069,194297,83.1,88.2,87.6,84.6
2024-08-29,Thu,820613,190808,77.0,84.3,84.4,81.3
2024-08-30,Fri,825555,198747,78.7,84.2,85.9,84.5
2024-08-31,Sat,854455,209603,82.0,87.4,88.3,85.1
2024-09-01,Sun,895816,216538,82.0,87.3,88.9,86.5
2024-09-02,Mon,893291,196309,78.4,79.2,81.5,78.1
2024-09-03,Tue,792634,186104,74.7,76.5,81.9,77.3
2024-09-04,Wed,809191,188792,78.5,80.5,82.3,79.6
2024-09-05,Thu,820551,193912,78.6,79.2,85.0,82.2
2024-09-06,Fri,839440,199491,78.6,83.3,85.0,82.2
2024-09-07,Sat,799177,208917,74.7,75.4,81.6,80.5
2024-09-08,Sun,865933,210661,81.4,83.7,85.5,82.5
2024-09-09,Mon,836734,190899,78.4,78.4,83.6,82.5
2024-09-10,Tue,828276,187650,78.7,78.8,81.3,80.6
2024-09-12,Thu,880364,196689,83.4,87.8,87.3,82.0
2024-09-11,Wed,835177,189229,80.9,84.3,83.6,77.4
2024-09-13,Fri,921427,204013,88.2,92.2,85.6,89.6
2024-09-14,Sat,936187,207865,90.1,95.1,92.9,87.3
2024-09-15,Sun,930112,211767,89.0,92.2,90.9,92.3
2024-09-16,Mon,925046,197051,86.1,90.3,89.3,86.7
2024-09-17,Tue,878714,188785,81.9,85.9,85.3,85.1
2024-09-18,Wed,868845,187500,83.0,89.0,86.8,82.3
2024-09-19,Thu,871443,189171,82.0,86.4,87.8,84.3
2024-09-20,Fri,896527,198619,84.2,90.3,87.8,87.2
2024-09-21,Sat,907752,210003,85.1,90.4,88.5,83.5
2024-09-22,Sun,941355,210118,88.3,90.9,90.7,90.4
2024-09-23,Mon,906066,196932,83.8,88.7,87.5,82.5
2024-09-24,Tue,846461,186636,80.6,84.8,87.1,81.5
2024-09-25,Wed,872828,186770,82.9,87.2,85.7,81.3
2024-09-26,Thu,895570,195037,85.8,90.9,91.1,85.1
2024-09-27,Fri,928571,203871,87.2,92.0,89.7,90.0
2024-09-28,Sat,945768,210533,87.9,92.4,90.5,94.5
2024-09-29,Sun,956883,211218,88.8,91.8,90.9,92.0
2024-09-30,Mon,906378,195396,84.1,88.2,88.1,85.0
2024-10-01,Tue,829445,199744,78.4,77.5,86.6,80.0
2024-10-02,Wed,873994,200126,82.6,83.4,88.1,84.3
2024-10-03,Thu,840362,192067,78.3,76.0,84.4,75.1
2024-10-04,Fri,859258,202806,78.3,80.7,86.6,82.5
2024-10-05,Sat,890316,210608,83.1,86.8,90.7,86.0
2024-10-06,Sun,930028,212880,85.3,90.8,89.5,91.3
2024-10-07,Mon,902121,192150,81.6,82.7,88.1,85.2
2024-10-08,Tue,865704,178938,79.7,80.4,83.6,85.4
2024-10-09,Wed,887615,182082,82.3,82.4,86.2,85.1
2024-10-10,Thu,893746,194171,82.0,83.9,83.2,84.7
2024-10-11,Fri,887208,197753,80.9,79.8,83.6,85.2
2024-10-12,Sat,886949,206707,80.6,81.2,84.0,84.5
2024-10-13,Sun,953944,215415,87.6,90.8,91.2,93.0
2024-10-14,Mon,967541,200826,87.6,91.8,90.7,92.9
2024-10-15,Tue,956610,197676,87.9,90.9,90.7,92.2
2024-10-16,Wed,935190,194940,86.7,90.1,88.6,91.6
2024-10-17,Thu,900663,191162,87.0,91.2,90.0,87.2
2024-10-18,Fri,924016,196652,87.1,91.1,89.0,87.0
2024-10-19,Sat,952070,213328,87.0,91.6,87.6,88.5
2024-10-20,Sun,960381,219849,87.5,90.8,89.5,90.2
2024-10-21,Mon,944409,197076,86.6,88.8,87.0,88.4
2024-10-22,Tue,913737,186433,85.3,86.4,89.0,87.0
2024-10-23,Wed,917730,191796,85.0,86.3,86.4,83.5
2024-10-24,Thu,888953,192885,84.2,87.2,85.5,80.0
2024-10-25,Fri,890892,211506,86.1,90.5,88.9,86.5
2024-10-26,Sat,947063,224869,85.5,91.7,90.5,87.1
2024-10-27,Sun,912439,213352,83.0,86.7,85.8,82.0
2024-10-28,Mon,855113,198836,76.3,79.2,79.1,75.7
2024-10-29,Tue,822916,188847,76.3,78.3,78.3,77.3
2024-10-30,Wed,845691,202900,76.9,82.4,82.8,75.1
2024-10-31,Thu,738639,196360,66.06,67.2,77.0,68.0
2024-11-01,Fri,726268,202385,71.7,63.2,79.7,74.4
2024-11-02,Sat,851763,214086,71.7,82.6,86.8,88.7
2024-11-03,Sun,937644,227975,89.7,93.8,89.5,92.4
2024-11-04,Mon,956347,215295,90.6,92.3,92.1,91.5
2024-11-05,Tue,943620,205967,89.2,90.8,90.9,90.9
2024-11-06,Wed,954142,217296,89.1,90.0,92.2,90.6
2024-11-07,Thu,962936,208483,89.7,88.5,92.1,92.4
2024-11-08,Fri,975641,221236,90.7,91.7,92.8,93.0
2024-11-09,Sat,988052,227211,92.3,94.2,93.7,95.0
2024-11-10,Sun,992730,236557,93.9,96.0,94.3,95.5
2024-11-11,Mon,982986,224042,91.3,93.1,93.2,93.4
2024-11-12,Tue,970081,205447,90.6,91.4,92.1,93.4
2024-11-13,Wed,968776,214210,91.7,93.5,92.4,93.2
2024-11-14,Thu,998500,211825,93.5,95.8,93.4,94.1
2024-11-15,Fri,999035,222308,93.8,95.7,94.4,93.9
2024-11-16,Sat,1000546,227698,93.5,95.1,92.2,92.8
2024-11-17,Sun,1007610,228397,94.1,96.4,91.7,93.40
2024-11-18,Mon,977262,222002,91.8,93.8,91.6,90.80
2024-11-19,Tue,969466,203144,91.0,93.3,92.8,92.50
2024-11-20,Wed,979474,216569,92.2,93.8,92.9,94.00
2024-11-21,Thu,983212,220324,92.2,94.0,93.6,91.60
2024-11-22,Fri,988695,217990,92.1,94.2,93.0,91.00
2024-11-23,Sat,996692,227750,92.7,94.6,93.1,94.30
2024-11-24,Sun,1005692,232787,93.3,94.6,92.7,94.2
2024-11-25,Mon,985780,215763,92.4,92.8,92.0,91.60
2024-11-26,Tue,968393,208952,91.0,93.1,93.5,92.60
2024-11-27,Wed,976803,218461,91.3,93.0,93.1,91.80
2024-11-28,Thu,986668,221041,91.7,92.6,93.9,90.80
2024-11-29,Fri,986549,229139,92.4,94.3,92.5,93.4
2024-11-30,Sat,936940,231518,92.4,95.0,93.9,95.5
2024-12-01,Sun,988337,237430,93.7,93.8,93.2,94.5
2024-12-02,Mon,938496,224364,90.3,88.5,90.9,92.1
2024-12-03,Tue,957754,213403,89.3,86.8,90.5,90.0
2024-12-04,Wed,973365,223108,90.5,90.4,91.4,90.1
2024-12-05,Thu,975727,218570,90.5,91.5,92.5,93.7
2024-12-06,Fri,989842,223506,91.6,93.4,93.0,92.5
2024-12-07,Sat,995819,233554,92.1,94.0,92.9,92.8
2024-12-08,Sun,1000815,229522,92.9,94.3,91.5,94.6
2024-12-09,Mon,986402,222792,92.0,91.3,91.7,92.2
2024-12-10,Tue,1276069,217678,92.0,91.7,92.3,93.4
2024-12-11,Wed,989045,223105,92.3,92.9,93.3,93.0
2024-12-12,Thu,997703,219104,92.4,93.0,93.3,92.3
2024-12-13,Fri,996502,229698,92.9,94.2,93.7,92.4
2024-12-14,Sat,995169,236185,92.6,93.8,94.3,92.9
2024-12-15,Sun,1010014,239597,93.0,94.1,93.5,95.1
2024-12-16,Mon,1003584,230692,91.9,92.4,93.4,93.1
2024-12-17,Tue,982601,217673,92.0,92.4,94.1,90.0
2024-12-18,Wed,992640,233426,92.9,93.5,94.3,92.0
2024-12-19,Thu,995466,233256,92.7,94.8,94.4,90.6
2024-12-20,Fri,1009765,241522,92.6,95.5,94.3,92.3
2024-12-21,Sat,1002990,243034,92.7,95.3,94.8,94.5
2024-12-22,Sun,1015395,247209,92.7,93.2,94.1,95.0
2024-12-23,Mon,992863,234276,91.3,89.8,93.1,92.0
2024-12-24,Tue,986623,224263,90.8,91.1,94.2,91.0
2024-12-25,Wed,977966,236057,90.8,88.4,94.8,90.0
2024-12-26,Thu,972271,230108,88.2,87.8,93.0,92.0
2024-12-27,Fri,969441,232181,89.4,87.9,93.5,92.1
2024-12-28,Sat,958784,241123,89.7,89.2,93.6,90.5
2024-12-29,Sun,986163,239566,89.9,88.4,93.9,91.4
2024-12-30,Mon,967925,233754,86.9,83.6,92.2,86.5
2025-01-01,Wed,903348,227075,83.4,79.3,87.9,83.0
2025-01-02,Thu,933668,231973,86.5,84.3,91.8,90.3
2025-01-03,Fri,936817,238049,87.6,85.1,91.7,89.0
2025-01-04,Sat,938998,243567,90.7,91.0,93.8,93.9
2025-01-05,Sun,978884,253582,92.7,95.0,93.2,95.0
2025-01-06,Mon,975546,229985,91.3,91.7,92.3,92.40
2025-01-07,Tue,980482,230138,90.6,91.7,93.3,89.5
2025-01-28,Tue,965398,213937,88.5,89.5,93.8,85.6
2025-01-29,Wed,956181,219472,88.2,90.0,91.9,85.5
2025-01-30,Thu,974004,225000,89.2,91.5,92.6,89.8
2025-01-31,Fri,997458,234359,91.0,94.5,93.1,93.8
2025-02-01,Sat,988848,239656,91.0,94.1,94.8,94.4
2025-02-02,Sun,1014945,246787,91.7,94.5,93.1,94.9
2025-02-03,Mon,994586,217121,90.5,93.6,91.4,91.9
2025-02-04,Tue,990001,217142,91.0,93.6,95.5,94.0
2025-02-05,Wed,979232,220517,92.4,95.8,93.7,94.1
2025-02-06,Thu,994975,217167,92.0,95.4,94.2,94.7
2025-02-07,Fri,1002508,229854,93.0,96.0,95.8,94.0
2025-02-09,Sun,1027472,243748,94.3,97.2,96.2,96.3
2025-02-10,Mon,1004248,228368,93.3,95.7,95.4,95.4
2025-02-11,Tue,1006373,216583,91.9,94.5,95.9,93.5
2025-02-12,Wed,1009051,218491,92.1,95.3,96.2,93.2
2025-02-13,Thu,998728,221289,92.4,95.1,95.7,93.4
2025-02-14,Fri,999342,231869,92.4,95.1,94.2,92.5
2025-02-15,Sat,1053714,241926,92.8,96.0,95.4,93.6
2025-02-16,Sun,1058049,247445,94.2,97.1,94.9,96.9
2025-02-17,Mon,1053620,254463,93.1,96.0,95.2,94.6
2025-02-18,Tue,1042547,215635,92.7,95.7,96.7,96.1
2025-02-19,Wed,1052250,228001,93.5,96.8,95.2,97.0
2025-02-20,Thu,1055451,225314,93.4,96.9,96.1,96.5
2025-02-21,Fri,1061139,237748,93.3,97.2,96.2,95.7
2025-02-22,Sat,1051511,244935,93.7,97.5,96.3,96.8
2025-02-23,Sun,1069747,242622,93.8,96.9,96.1,97.0
2025-02-24,Mon,1047255,222785,92.2,96.0,95.4,96.0
2025-02-25,Tue,1033822,216244,90.9,94.7,95.5,94.7
2025-02-26,Wed,1019972,225145,89.9,92.8,95.4,93.5
2025-02-27,Thu,993252,222136,88.4,92.8,93.1,89.4
2025-03-03,Mon,974816,227640,89.5,90.4,91.6,89.4
2025-03-04,Tue,944272,200844,84.3,88.5,91.8,87.10
2025-03-05,Wed,961218,203437,86.0,90.5,93.1,88.1
2025-03-06,Thu,973176,197140,86.1,89.8,93.2,88.8
2025-03-07,Fri,991676,206135,88.5,92.7,90.0,91.1
2025-03-08,Sat,999006,217621,89.0,93.0,89.8,91.3
2025-03-09,Sun,994717,219591,88.2,91.3,89.8,95.2
2025-03-10,Mon,966330,202583,84.6,88.2,93.0,86.9
2025-03-11,Tue,925989,187681,81.7,86.0,89.8,81.0
2025-03-12,Wed,951323,197620,83.7,88.0,89.8,82.2
2025-03-13,Thu,957662,196646,83.7,86.7,89.8,80.2
2025-03-14,Fri,839294,203136,73.8,62.8,87.4,68.9
2025-03-15,Sat,875870,214776,79.1,74.5,89.2,82.1
2025-03-16,Sun,964463,223136,86.9,91.5,89.3,91.0
2025-03-17,Mon,985854,204838,85.7,90.4,89.5,89.0
2025-03-18,Tue,960398,192348,85.1,90.4,89.4,87.6
2025-03-19,Wed,970032,202469,85.7,90.7,89.5,89.2
2025-03-20,Thu,974668,196423,85.7,91.5,89.8,90.0
2025-03-21,Fri,983843,206142,86.9,92.2,89.8,90.2
2025-03-22,Sat,980630,212583,86.7,89.8,89.7,92.5
2025-03-23,Sun,1001154,221034,88.3,92.4,89.6,92.3
2025-03-24,Mon,972807,207544,85.1,88.2,89.3,91.6
2025-03-25,Tue,941251,200388,82.8,86.1,89.5,91.30
2025-03-26,Wed,958525,216475,83.7,88.6,89.6,91.7
2025-03-27,Thu,967114,213205,84.0,89.5,89.7,88.7
2025-03-28,Fri,972895,223548,85.2,89.5,89.7,88.6
2025-03-30,Sun,964472,227376,82.1,80.6,89.4,84.8
2025-03-31,Mon,914616,218127,81.5,83.9,89.8,81.7
2025-04-01,Tue,857848,203127,75.8,78.6,86.5,70.0
2025-04-02,Wed,865965,208107,77.3,82.8,86.4,74.7
2025-04-03,Thu,876785,205561,87.6,89.5,92.8,91.30
2025-04-07,Mon,959313,220791,85.8,87.7,92.4,88.8
2025-04-08,Tue,942652,211410,85.5,88.4,93.4,89.5
2025-04-09,Wed,982291,215224,89.0,93.0,95.1,91.6
2025-04-10,Thu,1003222,226400,90.9,94.1,95.3,93.1
2025-04-11,Fri,986652,230014,89.8,93.8,95.7,91.5
2025-04-12,Sat,1007654,242234,92.4,96.5,95.2,94.4
2025-04-13,Sun,1019299,238950,90.9,93.0,93.3,95.6
2025-04-14,Mon,1007493,227794,90.0,93.2,93.5,94.9
2025-04-15,Tue,1002020,218734,89.7,93.0,93.9,92.3
2025-04-16,Wed,987239,220129,88.7,92.1,86.1,92.4
2025-04-17,Thu,1010964,223882,88.7,92.8,92.0,92.1
2025-04-18,Fri,1006530,223218,89.3,90.6,95.6,93.1
2025-04-19,Sat,989728,231950,88.7,89.3,95.3,94.1
2025-04-20,Sun,1003238,234713,90.7,92.5,94.4,95.2
2025-04-21,Mon,1025658,222540,90.2,93.6,94.3,92.5
2025-04-22,Tue,1006485,208021,89.0,91.1,94.3,93.1
2025-04-23,Wed,996179,207578,88.2,90.8,95.8,90.1
2025-04-24,Thu,990403,211381,87.7,90.6,95.7,87.0
2025-04-25,Fri,999086,217991,88.9,90.9,94.2,87.1
2025-04-26,Sat,1009231,231840,88.9,91.1,94.8,88.7
2025-04-27,Sun,1001826,240252,89.3,90.9,94.1,90.0
2025-04-28,Mon,970159,219249,86.6,88.7,93.6,86.50
2025-04-29,Tue,970957,207801,85.1,88.0,94.5,83.9
2025-04-30,Wed,966725,219294,86.5,89.8,94.2,88.0
2025-05-01,Thu,967864,227489,87.1,87.4,93.5,84.1
2025-05-02,Fri,922793,225228,84.6,84.4,91.6,88.0
2025-05-03,Sat,950814,228273,86.6,84.8,92.5,89.4
2025-05-04,Sun,982847,226239,89.2,90.0,92.6,93.7
2025-05-05,Mon,969109,220654,86.8,87.6,92.6,88.2
2025-05-06,Tue,962380,206991,86.4,86.2,93.8,84.1
2025-05-07,Wed,890469,201669,88.1,90.6,94.7,87.0
2025-05-08,Thu,877391,207037,87.4,90.5,94.4,88.4
2025-05-09,Fri,860441,211669,87.5,89.3,93.8,89.10
2025-05-10,Sat,867679,218855,85.6,86.6,93.8,90.00
2025-05-11,Sun,863256,218486,83.6,82.8,93.7,89.1
2025-05-12,Mon,833758,208564,81.1,78.8,91.5,81.3
2025-05-13,Tue,793458,200738,77.7,74.6,90.3,79.0
2025-05-14,Wed,824326,205218,79.9,76.9,91.3,77.1
2025-05-15,Thu,873498,211302,79.9,79.4,91.1,80.5
2025-05-16,Fri,917706,215671,83.2,81.9,91.3,87.2
2025-05-17,Sat,946244,222460,83.9,81.8,91.2,89.1
2025-05-18,Sun,971329,228360,85.3,86.4,91.8,89.1
2025-05-19,Mon,926179,210684,82.3,82.7,91.1,83.4
2025-05-20,Tue,917115,207871,81.3,82.6,91.3,84.0
2025-05-21,Wed,917201,209268,81.3,86.9,90.2,88.6
2025-05-22,Thu,955470,214661,85.8,88.2,91.2,90.4
2025-05-23,Fri,965026,218191,88.2,90.6,92.3,90.0
2025-05-24,Sat,992397,225822,89.6,89.5,91.6,92.0
2025-05-25,Sun,982781,229405,90.4,92.2,92.8,92.2
2025-05-26,Mon,984435,225679,87.0,88.3,91.1,88.3
2025-05-27,Tue,942318,206790,85.5,86.8,90.9,85.6
2025-05-28,Wed,959580,212779,86.3,88.3,91.7,88.8
2025-05-29,Thu,959752,218552,86.4,87.6,92.1,90.0
2025-05-30,Fri,964737,220012,88.2,89.3,92.0,93.4
2025-05-31,Sat,995657,235458,89.9,90.3,93.0,95.1
2025-06-01,Sun,994336,234922,90.1,90.8,92.9,90.3
2025-06-02,Mon,986851,218984,86.9,87.7,91.6,89.2
2025-06-03,Tue,969021,204223,87.0,89.4,93.4,89.4
2025-06-04,Wed,985033,210117,87.9,91.4,93.6,89.0
2025-06-05,Thu,1002046,211351,89.1,92.0,93.8,87.6
2025-06-06,Fri,1016921,206384,89.8,92.4,93.6,93.1
2025-06-07,Sat,992096,220366,88.8,92.4,92.9,92.30
2025-06-08,Sun,994396,226089,88.2,91.0,91.6,93.0
2025-06-09,Mon,983807,219938,87.3,89.0,91.6,90.6
2025-06-10,Tue,960050,209131,85.6,89.1,92.8,87.70
2025-06-11,Wed,954330,211358,84.9,88.6,92.9,83.3
2025-06-12,Thu,964700,213414,87.0,90.4,91.7,89.4
2025-06-13,Fri,979559,213875,88.8,90.2,92.4,90.4
2025-06-14,Sat,979009,223820,89.1,89.4,92.4,91.9
2025-06-15,Sun,951328,230704,89.3,89.6,91.2,89.1
2025-06-16,Mon,923539,215883,87.5,86.9,90.2,86.7
2025-06-17,Tue,875156,197348,83.6,82.7,90.2,85.5
2025-06-18,Wed,875877,202068,84.0,84.3,89.8,81.0
2025-06-19,Thu,864491,202947,83.3,83.4,89.6,81.8
2025-06-20,Fri,876049,216034,84.8,85.8,90.6,89.5
2025-06-21,Sat,876889,225332,84.9,83.8,89.8,89.4
2025-06-22,Sun,893532,228957,86.3,86.3,89.5,89.2
2025-06-23,Mon,855424,206496,81.9,83.2,88.2,86.2
2025-06-24,Tue,824044,160948,81.0,78.5,89.0,84.80
2025-06-25,Wed,841022,197887,83.2,82.7,90.8,84.80
2025-06-26,Thu,863718,210452,84.4,83.0,90.6,86.40
2025-06-27,Fri,870577,217119,84.8,85.4,91.4,88.1
2025-06-28,Sat,866615,225642,85.0,82.2,92.0,90.6
2025-06-29,Sun,870590,238300,84.8,83.2,91.1,89.7
2025-06-30,Mon,837588,228977,81.8,79.5,90.3,89.2
2025-07-01,Tue,800617,204897,83.1,80.6,92.2,88.80
2025-07-02,Wed,796986,209786,83.2,78.7,91.6,86.80
2025-07-03,Thu,806805,205841,84.1,81.9,92.0,88.60
2025-07-04,Fri,822379,202515,86.8,84.4,92.5,92.20
2025-07-05,Sat,842925,218117,87.2,84.2,92.8,89.40
2025-07-06,Sun,862522,228485,89.0,88.2,92.0,93.0
2025-07-07,Mon,850871,213493,86.5,85.5,92.0,91.90
2025-07-08,Tue,818215,195269,85.2,84.6,91.6,85.60
2025-07-09,Wed,829217,208388,86.7,85.8,90.9,86.80
2025-07-10,Thu,843004,208989,87.2,87.4,91.3,87.30
2025-07-11,Fri,858839,214510,88.2,88.4,90.2,86.10
2025-07-12,Sat,864816,221129,88.8,88.5,92.2,87.70
2025-07-13,Sun,876380,225485,88.7,88.9,91.0,91.50
2025-07-14,Mon,845573,219824,86.0,86.5,89.5,84..1
2025-07-15,Tue,827796,208267,84.6,85.4,89.8,78.80
2025-07-16,Wed,827480,209362,84.4,84.2,89.6,84.20
2025-07-17,Thu,830070,208036,83.5,83.8,88.7,86.50
2025-07-18,Fri,834099,213563,85.1,86.8,89.9,82.50
2025-07-19,Sat,840125,221889,85.1,84.2,90.0,86.50
2025-07-20,Sun,862640,229509,85.1,84.8,91.0,87.30
2025-07-21,Mon,822334,212909,82.7,81.0,88.3,89.30
2025-07-22,Tue,796543,196955,82.7,79.6,87.5,87.00
2025-07-23,Wed,806936,203668,82.1,83.2,89.5,86.90
2025-07-24,Thu,813230,203920,81.8,83.5,88.8,87.40
2025-07-25,Fri,838637,216791,86.0,87.8,89.9,85.90
2025-07-26,Sat,844424,224561,85.1,83.8,89.4,89.30
2025-07-27,Sun,848987,222019,85.1,84.0,88.1,93.50
2025-07-28,Mon,809070,212213,81.0,82.1,86.0,84.90
2025-07-29,Tue,772657,203092,77.7,79.5,86.3,85.90
2025-07-30,Wed,789502,207993,81.0,82.6,90.2,87.20
2025-07-31,Thu,822503,216626,83.0,87.3,91.1,91.70
2025-08-01,Fri,829728,222412,84.8,86.5,90.8,92.50
2025-08-02,Sat,834100,223299,85.4,86.8,91.5,91.40
2025-08-03,Sun,869532,229036,88.3,89.8,91.6,97.00
2025-08-04,Mon,849886,217576,85.4,90.4,90.6,90.90
2025-08-05,Tue,835357,204099,84.2,86.9,90.1,88.30
2025-08-06,Wed,849565,211168,86.2,88.6,91.5,91.10
2025-08-07,Thu,865296,213739,87.4,91.3,91.5,94.20
2025-08-08,Fri,885105,225203,89.3,93.2,92.0,93.80
2025-08-09,Sat,858359,227766,85.6,89.2,92.5,91.00
2025-08-10,Sun,880904,227517,87.7,89.1,90.8,95.10
2025-08-11,Mon,866905,213027,85.9,90.2,89.7,88.80
2025-08-12,Tue,851934,197298,85.5,89.8,91.8,88.10
2025-08-13,Wed,839523,207463,86.8,89.9,92.8,92.10
2025-08-14,Thu,872742,207320,87.1,92.1,95.5,95.10
2025-08-15,Fri,892660,222400,86.8,87.6,93.5,94.10
2025-08-16,Sat,842431,227521,86.8,81.3,92.3,91.50
2025-08-17,Sun,899059,231393,89.9,93.6,92.2,95.40
2025-08-18,Mon,906911,218712,88.9,93.5,91.0,95.20
2025-08-19,Tue,873202,199109,87.6,92.4,90.8,91.20
2025-08-20,Wed,874154,204198,88.2,91.1,91.5,89.60
2025-08-21,Thu,869353,210682,86.7,92.2,92.2,88.80
2025-08-22,Fri,868968,218172,87.3,91.8,91.6,90.80
2025-08-23,Sat,869920,216831,87.8,91.7,92.1,90.10
2025-08-24,Sun,880803,230552,87.6,90.4,90.9,91.60
2025-08-25,Mon,829706,207585,82.7,84.9,88.9,85.60
2025-08-26,Tue,763789,193358,77.1,78.3,88.3,78.20
2025-08-27,Wed,748881,195391,75.2,72.4,87.4,77.60
2025-08-28,Thu,756775,196140,75.3,78.2,86.5,85.70
2025-08-29,Fri,786568,205394,79.1,80.4,88.2,83.40
2025-08-30,Sat,822346,218026,82.3,83.4,90.9,88.90
2025-08-31,Sun,865423,224911,86.5,89.2,92.2,95.00
2025-09-01,Mon,834997,213394,81.7,85.3,90.9,91.90
2025-09-02,Tue,810527,202392,70.7,82.9,90.0,87.40
2025-09-03,Wed,817957,208999,81.3,86.1,91.3,88.10
2025-09-04,Thu,856614,207954,83.8,89.6,91.5,90.60
2025-09-05,Fri,867104,221713,85.2,87.4,93.1,90.60
2025-09-06,Sat,829316,218192,81.1,81.1,91.9,89.30
2025-09-07,Sun,866437,220432,85.6,88.7,92.6,93.80
2025-09-08,Mon,852244,211346,83.2,87.2,91.5,87.60
2025-09-09,Tue,817029,193659,79.3,83.3,90.4,83.70
2025-09-10,Wed,840685,197295,83.4,88.6,91.7,87.20
2025-09-11,Thu,841352,207523,83.6,88.7,92.0,89.10
2025-09-12,Fri,868546,214129,86.1,89.6,93.0,87.60
2025-09-13,Sat,865447,223257,85.3,86.9,92.5,90.40
2025-09-14,Sun,876074,223855,86.4,86.2,92.9,92.50
2025-09-15,Mon,846056,216577,83.5,86.6,93.0,88.10
2025-09-16,Tue,845763,201108,80.4,82.9,91.6,85.00
2025-09-17,Wed,843592,198757,80.7,84.8,91.4,80.80
2025-09-18,Thu,845664,204561,80.4,85.6,91.4,80.70
2025-09-19,Fri,858847,212913,82.3,85.3,91.4,84.60
2025-09-20,Sat,863326,224502,83.1,83.5,92.7,88.30
2025-09-21,Sun,894109,223161,82.8,81.7,92.3,90.50
2025-09-22,Mon,845402,209699,76.2,75.3,90.2,87.50
2025-09-23,Tue,801040,191824,88.8,81.2,91.1,84.80
2025-09-25,Thu,890294,207049,82.5,83.6,93.0,89.20
2025-09-26,Fri,916058,218095,84.8,87.3,93.9,89.40
2025-09-27,Sat,938476,229538,86.4,87.0,93.8,92.00
2025-09-28,Sun,924814,225185,83.8,81.0,92.9,92.70
2025-09-29,Mon,861900,217026,77.2,75.8,91.1,88.30
2025-09-30,Tue,850589,204705,76.8,77.0,91.0,82.00
2025-10-01,Wed,829383,214386,75.2,66.5,90.6,82.60
2025-10-02,Thu,829585,216950,75.2,64.8,89.9,89.40
2025-10-03,Fri,837510,220412,76.7,67.7,89.5,88.60
2025-10-04,Sat,900262,226087,81.9,77.4,91.6,90.90
2025-10-05,Sun,976520,236611,89.2,90.9,93.9,95.70
2025-10-06,Mon,968998,221274,87.6,89.1,93.0,92.90
2025-10-07,Tue,935353,207603,85.8,87.1,92.4,89.80
2025-10-08,Wed,931953,203308,85.2,83.7,91.7,85.50
2025-10-09,Thu,919076,205765,83.6,82.8,91.9,82.90
2025-10-10,Fri,906439,214421,82.3,79.3,91.5,86.20
2025-10-11,Sat,920601,226696,83.6,78.9,92.1,81.40
2025-10-12,Sun,957728,228314,86.8,85.3,91.7,88.90
2025-10-13,Mon,922930,212741,83.0,79.6,90.6,83.00
2025-10-14,Tue,908818,195932,81.5,82.7,90.3,81.10
2025-10-15,Wed,914212,209885,83.1,82.6,90.3,80.10
2025-10-16,Thu,935603,220517,83.5,82.0,89.6,83.70
2025-10-17,Fri,961917,230302,85.3,85.0,89.9,76.80
2025-10-18,Sat,974561,242963,85.6,83.6,91.5,81.20
2025-10-19,Sun,898502,230354,77.9,71.0,88.3,75.60
2025-10-20,Mon,742505,205793,67.2,57.3,81.6,67.00
2025-10-21,Tue,771665,187975,71.0,61.5,85.4,72.80
2025-10-22,Wed,860050,200514,77.5,72.5,89.3,82.70
2025-10-23,Thu,908908,211250,80.4,73.6,92.5,83.70
2025-10-24,Fri,936648,218677,80.4,77.9,93.4,85.70
2025-10-25,Sat,981371,234072,91.0,86.0,94.6,91.80
2025-10-26,Sun,1041138,237891,91.0,91.4,94.8,95.70
2025-10-27,Mon,1002279,230589,89.0,87.2,92.7,93.30
2025-10-28,Tue,958177,213868,87.5,86.1,93.4,92.70
2025-10-29,Wed,965872,225587,86.5,87.5,92.9,90.10
2025-10-30,Thu,972694,235208,86.3,88.0,93.2,87.40
2025-10-31,Fri,993020,235395,87.9,91.0,92.5,88.20
2025-11-01,Sat,1002921,249290,89.9,91.0,95.2,87.10
2025-11-02,Sun,1012562,251137,90.8,90.8,95.6,92.60
2025-11-03,Mon,982980,236589,87.0,87.3,93.7,87.80
2025-11-04,Tue,972486,219888,87.3,88.1,94.0,90.60
2025-11-05,Wed,993902,228908,88.9,92.0,94.5,90.90
2025-11-06,Thu,990423,225346,88.2,92.7,94.0,89.00
2025-11-07,Fri,984572,230344,89.8,94.1,93.8,93.30
2025-11-08,Sat,1045050,247053,92.0,95.6,95.2,91.40
2025-11-09,Sun,1060286,247635,91.7,94.6,95.2,92.60
2025-11-10,Mon,1031605,235100,89.1,92.2,93.1,91.00
2025-11-11,Tue,997004,213504,84.8,89.5,92.5,86.70
2025-11-12,Wed,992523,224265,85.8,89.3,92.3,87.90
2025-11-13,Thu,1010427,221694,85.7,91.0,92.9,87.50
2025-11-14,Fri,1038611,231323,88.9,94.1,93.6,90.90
2025-11-15,Sat,1054563,245402,89.9,93.4,93.9,92.90
2025-11-16,Sun,1058084,250930,90.3,94.8,93.7,93.10
2025-11-17,Mon,1041853,240683,88.0,92.3,92.2,91.00
2025-11-18,Tue,1016641,213366,84.9,92.2,93.0,92.10
2025-11-19,Wed,1037987,222316,88.2,94.1,93.6,91.00
2025-11-20,Thu,1015767,229774,89.0,94.0,92.3,89.00
2025-11-21,Fri,1019182,231818,90.7,95.4,94.4,91.20
2025-11-22,Sat,1063802,245631,90.4,93.2,94.3,92.00
2025-11-23,Sun,1075753,249235,91.7,96.2,93.9,92.80
2025-11-24,Mon,1059898,233792,89.3,95.8,91.4,91.80
2025-11-25,Tue,1048688,220432,89.2,95.1,93.4,93.80
2025-11-26,Wed,1042777,232965,90.4,94.6,93.8,92.80
2025-11-27,Thu,1060956,238737,90.4,96.1,93.2,89.90
2025-11-28,Fri,1065271,239434,92.5,96.6,95.0,93.10
2025-11-29,Sat,1054333,248610,91.9,96.8,95.1,94.80
2025-11-30,Sun,1071574,257503,91.9,95.8,93.4,94.20
2025-12-01,Mon,1039379,248256,90.3,92.7,91.3,91.50
2025-12-02,Tue,993410,228666,91.2,93.4,92.8,90.80
2025-12-03,Wed,950409,233054,87.6,99.6,98.4,95.60
2025-12-07,Sun,767106,252983,79.9,99.0,96.4,93.60
2025-12-08,Mon,831148,244447,85.4,97.2,97.1,92.40
2025-12-09,Tue,830587,224495,83.5,95.5,97.0,89.00
2025-12-10,Wed,875941,238234,84.8,96.2,96.9,89.90
2025-12-11,Thu,882540,236033,84.8,95.2,95.3,89.50
2025-12-12,Fri,923948,240052,88.2,95.1,95.6,92.40
2025-12-13,Sat,934391,261636,89.0,94.5,95.6,92.70
2025-12-14,Sun,978799,255899,89.3,94.5,93.5,92.20
2025-12-15,Mon,874534,239858,88.5,96.6,93.5,92.90
2025-12-16,Tue,989945,237302,89.6,97.0,96.4,89.80
2025-12-17,Wed,986641,241774,89.0,95.0,95.4,89.20
2025-12-18,Thu,994231,247114,89.6,95.6,95.2,90.80
2025-12-19,Fri,980965,237047,89.6,97.8,96.7,93.10
2025-12-20,Sat,1001232,258690,89.6,98.4,96.3,93.10
2025-12-21,Sun,1024533,256172,89.6,97.2,96.3,96.7
2025-12-22,Mon,1038976,250341,91.5,92.0,91.3,95.4
2025-12-23,Tue,1018844,236547,90.2,92.5,94.4,92.7
2025-12-24,Wed,1039014,251104,91.2,92.8,95.0,92.7
2025-12-25,Thu,1011519,252129,91.0,92.0,95.0,92.3
2025-12-26,Fri,1024364,246390,89.5,90.6,95.0,93.0
2025-12-27,Sat,1005959,263757,88.8,90.7,94.1,92.8
2025-12-28,Sun,1026822,253567,89.9,92.5,94.0,94.4
2025-12-29,Mon,958282,240286,88.2,90.9,94.7,91.8
2025-12-30,Tue,966400,239761,87.6,90.2,95.2,87.3
2025-12-31,Wed,927861,246342,84.2,88.2,93.5,85.6
2026-01-01,Thu,929120,245301,81.1,82.9,92.8,81.7
2026-01-02,Fri,946574,246126,77.6,89.8,94.2,84.4
2026-01-03,Sat,999918,269901,88.6,90.0,95.3,90.9
2026-01-04,Sun,997178,257950,91.81,92.8,95.3,94.1
2026-01-05,Mon,1014125,256526,89.4,91.4,93.4,90.9
2026-01-06,Tue,976032,243580,86.5,91.4,94.1,88.1
2026-01-07,Wed,988067,249730,87.8,93.2,94.3,87.7
2026-01-08,Thu,992004,254428,87.8,92.9,92.0,90.2
2026-01-09,Fri,1023070,252956,90.3,93.6,92.0,90.3
2026-01-10,Sat,1045216,263999,91.3,94.4,93.8,94.3
2026-01-11,Sun,1032022,260022,91.8,95.2,92.4,94.2
2026-01-12,Mon,995141,251388,86.1,91.0,90.7,90.2
2026-01-13,Tue,963567,242037,81.96,87.6,90.4,87.4
2026-01-14,Wed,936044,248334,80.9,85.7,90.9,85.9
2026-01-15,Thu,938152,240830,81.8,84.2,91.3,84.1
2026-01-16,Fri,956761,246560,83.6,87.1,91.4,86.5
2026-01-17,Sat,995103,259058,87.9,89.7,93.1,90.8
2026-01-18,Sun,1028395,258250,91.3,94.0,94.3,95.5
2026-01-19,Mon,1019443,255163,89.4,94.0,93.4,94.1
2026-01-20,Tue,1018776,238345,88.9,95.10,93.16,95.5
2026-01-21,Wed,999483,247388,90.7,95.4,94.5,96.0
2026-01-22,Thu,1009955,244132,92.8,96.6,94.7,94.1
2026-01-23,Fri,982739,246895,92.0,97.0,95.4,93.3
2026-01-24,Sat,1026568,253222,92.0,95.7,95.1,93.6
2026-01-25,Sun,1003658,248338,91.1,91.5,93.0,94.7
2026-01-26,Mon,998155,243337,90.4,93.0,94.0,95.2
2026-01-27,Tue,1017892,227576,90.4,93.9,92.5,95.6
2026-01-28,Wed,1025717,239863,87.2,91.4,92.9,90.1
2026-01-29,Thu,984069,243006,84.4,88.7,91.1,90.1
2026-01-30,Fri,1000400,248482,84.4,88.7,91.1,90.1
2026-01-31,Sat,1009585,259339,87.4,88.6,92.5,90.7
2026-02-01,Sun,1010070,254759,89.4,91.2,92.9,92.9
2026-02-02,Mon,989031,246497,86.3,88.1,90.8,91.5
2026-02-03,Tue,971603,227861,83.6,87.9,91.5,88.6
2026-02-04,Wed,984232,234965,87.2,90.5,93.1,91.2
2026-02-05,Thu,1014034,234317,88.5,91.9,93.4,92.4
2026-02-06,Fri,1027347,243417,88.5,93.7,93.9,94.5
2026-02-07,Sat,1043338,252939,88.5,94.06,94.94,95.4
2026-02-08,Sun,1060924,257510,88.5,97.0,94.5,96.7
2026-02-09,Mon,1048849,245007,91.8,95.6,94.8,95.1
2026-02-10,Tue,1027841,233667,91.8,94.5,94.7,91.8
2026-02-11,Wed,1044745,237172,91.8,95.0,94.6,94.1
2026-02-12,Thu,1029470,242329,91.1,94.0,94.4,93.9
2026-02-13,Fri,1043273,247513,86.8,94.3,94.9,94.0
2026-02-14,Sat,1036072,254492,91.6,93.7,94.6,94.7
2026-02-15,Sun,1027960,250428,91.8,94.5,94.5,92.5
2026-02-16,Mon,1021521,248156,90.7,94.7,93.4,93.6
2026-02-17,Tue,1007719,229442,89.1,93.0,93.8,90.0
2026-02-18,Wed,1012101,229844,89.5,93.4,93.2,92.3
2026-02-19,Thu,1008363,226833,88.6,92.6,91.9,89.2
2026-02-20,Fri,1013641,234794,89.5,92.4,91.9,89.2
2026-02-21,Sat,1018853,228014,90.3,93.6,92.0,92.5
2026-02-22,Sun,1026242,234417,91.5,93.9,93.3,94.5
2026-02-23,Mon,1010137,216815,89.5,91.1,91.1,90.6
2026-02-24,Tue,993231,205324,87.6,90.7,91.3,84.7
2026-02-25,Wed,1005964,209774,88.67,92.6,93.09,87.4
2026-02-26,Thu,1014430,221777,89.20,93.50,91.26,90.80
2026-02-27,Fri,1024058,232584,90.72,93.70,92.94,90.00
2026-02-28,Sat,1027676,213461,90.62,94.00,93.11,92.20
2026-03-01,Sun,1011909,147799,87.22,91.10,89.02,93.30
2026-03-02,Mon,935432,125580,80.60,94.10,86.44,78.00
2026-03-03,Tue,828831,118727,70.69,75.00,83.55,69.40
2026-03-04,Wed,787192,135917,71.19,76.00,83.44,71.40
2026-03-05,Thu,890663,144445,81.35,87.50,88.49,83.60
2026-03-06,Fri,946855,150694,83.70,88.20,88.95,87.00
2026-03-07,Sat,970381,167980,86.90,89.60,91.51,93.30
2026-03-08,Sun,1007863,175155,90.00,92.80,92.88,93.70
2026-03-09,Mon,1010382,173927,89.35,92.60,91.53,93.10
2026-03-10,Tue,984979,166604,86.90,91.70,91.66,89.30
2026-03-11,Wed,979395,167656,86.90,91.70,91.66,89.30
2026-03-12,Thu,995586,169043,88.46,92.70,91.24,92.20
2026-03-13,Fri,1003889,178125,89.60,93.70,91.42,92.20
2026-03-14,Sat,1012810,186775,90.00,92.80,92.83,94.00
2026-03-15,Sun,1000724,186393,89.64,92.80,92.41,93.90
2026-03-16,Mon,981150,176704,86.47,89.70,92.59,90.30
2026-03-17,Tue,947165,166661,85.02,88.30,90.90,87.20
2026-03-18,Wed,942054,173921,85.60,90.10,92.59,89.50
2026-03-19,Thu,966957,182299,82.89,86.10,89.79,86.20
2026-03-20,Fri,917029,180732,82.89,86.10,89.79,86.20
2026-03-21,Sat,914477,184086,80.52,78.77,89.77,83.80
2026-03-22,Sun,956136,192331,86.66,86.00,90.40,87.40
2026-03-23,Mon,956694,189251,84.29,85.90,91.29,90.40
2026-03-24,Tue,934695,171537,82.06,84.00,91.55,89.30
2026-03-25,Wed,943194,181308,83.21,84.10,92.07,90.30
2026-03-26,Thu,924164,185112,81.15,85.20,91.32,87.80
2026-03-27,Fri,925666,185507,83.22,86.30,93.02,88.60
2026-03-28,Sat,946845,192263,84.51,85.10,91.61,90.60
2026-03-29,Sun,937016,195045,83.37,84.70,90.84,88.10
2026-03-30,Mon,893160,188876,77.59,80.90,89.92,80.80
2026-03-31,Tue,864932,175841,77.20,80.30,92.17,83.80
2026-04-01,Wed,874045,182678,77.50,72.10,85.61,79.50
2026-04-02,Thu,878391,184178,79.52,72.70,90.72,80.20
2026-04-03,Fri,900082,187281,80.80,73.20,82.63,79.10
2026-04-04,Sat,865100,190829,78.38,69.80,91.09,83.90
2026-04-05,Sun,957504,189349,86.59,81.70,91.85,89.10
2026-04-06,Mon,938135,183380,82.55,82.20,90.91,84.70
2026-04-07,Tue,886141,174070,79.40,76.00,92.00,79.60
2026-04-08,Wed,906661,178180,80.39,78.80,91.06,82.60
2026-04-09,Thu,914017,174030,84.70,84.80,91.59,84.80
2026-04-11,Sat,966926,189415,85.10,81.80,91.88,87.40
2026-04-12,Sun,969474,199787,85.52,80.50,92.44,90.00
2026-04-13,Mon,908180,185689,79.88,74.50,89.17,82.60
2026-04-14,Tue,901675,176087,80.42,76.30,90.97,82.80
2026-04-15,Wed,920044,179261,81.60,80.50,91.36,83.60
2026-04-16,Thu,932161,181182,82.28,81.80,92.29,80.00
2026-04-17,Fri,910151,178578,83.04,84.80,91.71,79.50
2026-04-18,Sat,958891,200235,87.40,88.80,92.38,80.60
2026-04-19,Sun,1085442,199628,87.90,86.80,91.27,88.20
2026-04-20,Mon,956949,193231,83.42,81.50,89.25,84.00
2026-04-21,Tue,902261,177210,81.60,79.80,91.42,81.00
2026-04-22,Wed,948160,178328,83.37,82.50,91.46,85.10
2026-04-23,Thu,933963,177236,81.90,80.10,91.27,84.90
2026-04-24,Fri,957107,189015,84.46,84.70,91.27,90.30
2026-04-25,Sat,973897,181389,84.46,84.60,92.81,93.40
2026-04-26,Sun,997343,193548,88.42,86.70,92.70,94.20
2026-04-27,Mon,981330,181470,85.80,84.10,93.05,92.30
2026-04-28,Tue,945588,174579,83.69,83.50,94.35,89.10
2026-04-29,Wed,948628,177628,85.23,84.00,93.57,88.90
2026-04-30,Thu,1003830,186431,89.07,88.50,94.65,91.90
2026-05-01,Fri,1011377,176946,87.60,82.60,93.47,93.10
2026-05-02,Sat,980886,200446,84.91,74.60,92.95,92.80
2026-05-03,Sun,1006662,201646,88.37,85.40,92.84,94.30
2026-05-05,Tue,972766,183849,85.17,81.00,92.17,91.00
2026-05-04,Mon,979339,191808,84.40,81.00,91.32,89.60
2026-05-06,Wed,995761,187407,86.40,83.10,92.14,92.70
2026-05-07,Thu,967027,191354,85.71,85.10,92.97,91.20
2026-05-08,Fri,973465,184822,87.71,85.70,93.67,91.30
2026-05-09,Sat,1021998,202388,88.32,85.50,93.91,93.10
2026-05-10,Sun,1039816,203950,89.64,87.30,93.67,92.90
2026-05-11,Mon,1013494,193894,86.47,83.70,91.14,91.60
2026-05-12,Tue,975516,176087,83.30,82.00,91.83,91.30
2026-05-13,Wed,978540,184554,85.35,83.10,91.99,92.30
2026-05-14,Thu,1017307,187785,87.26,83.50,92.21,93.30
2026-05-15,Fri,1028963,201216,88.40,87.90,92.64,93.60
2026-05-16,Sat,1031613,206410,87.81,86.40,92.93,95.20
2026-05-17,Sun,1034070,210830,89.21,88.70,91.60,96.60
2026-05-18,Mon,1020147,200395,87.54,85.50,91.55,95.60
2026-05-19,Tue,991193,189302,84.82,84.30,91.36,92.60
2026-05-20,Wed,1011066,201229,86.20,86.50,92.90,92.40
2026-05-21,Thu,1017664,199018,87.77,87.20,93.19,93.90
2026-05-22,Fri,1043075,209829,89.63,90.60,93.11,92.00
2026-05-23,Sat,1052676,210378,90.22,89.50,94.40,95.30
2026-05-24,Sun,1052503,214119,90.00,88.50,92.80,95.80
2026-05-25,Mon,1027377,198253,87.39,87.20,93.17,94.70
2026-05-26,Tue,997412,187674,86.07,85.50,93.32,91.80
2026-05-27,Wed,1019493,190774,87.43,86.20,93.32,88.40
2026-05-28,Thu,992517,188554,84.79,83.90,90.81,88.50
2026-05-29,Fri,978228,198223,82.95,84.40,89.68,85.70
2026-05-30,Sat,987057,184521,85.41,85.00,92.05,88.70
2026-05-31,Sun,1033528,213412,87.48,87.70,91.94,90.20
2026-06-01,Mon,956799,206378,85.60,88.20,90.68,85.00
2026-06-02,Tue,927288,194630,84.57,86.70,92.47,90.10
2026-06-03,Wed,935786,194596,85.43,87.60,91.32,84.00
2026-06-04,Thu,933453,199264,85.43,89.50,92.00,91.60
2026-06-05,Fri,963348,200260,87.60,91.30,92.02,90.20
2026-06-06,Sat,957758,211677,87.52,90.00,92.05,92.30
2026-06-07,Sun,958248,217776,87.47,90.00,91.30,91.30
2026-06-08,Mon,929209,196090,83.93,90.00,91.01,89.90
2026-06-09,Tue,904195,185270,83.70,87.00,91.73,86.00
2026-06-10,Wed,936955,193559,86.17,88.00,92.26,89.80
2026-06-11,Thu,934846,198022,86.70,88.60,91.28,92.10
2026-06-12,Fri,931209,208099,86.51,89.80,91.60,93.80
2026-06-13,Sat,942266,212613,86.20,89.80,92.69,93.90
2026-06-14,Sun,942519,218196,87.22,90.00,92.35,95.70
2026-06-15,Mon,917951,207673,84.17,87.10,90.99,92.00
2026-06-16,Tue,875520,191830,85.19,86.80,93.04,91.70
2026-06-17,Wed,887575,195847,85.70,89.60,92.53,90.90
2026-06-18,Thu,901908,193276,87.43,89.10,92.01,93.70
2026-06-19,Fri,911474,206780,87.00,90.20,93.00,93.10
2026-06-20,Sat,903153,209101,87.09,90.40,93.11,96.50
2026-06-21,Sun,915419,217608,87.40,90.20,92.71,95.50
2026-06-22,Mon,891636,201088,84.38,88.20,91.91,94.90
2026-06-23,Tue,872749,187741,84.52,88.00,93.46,90.80
2026-06-24,Wed,881411,195680,84.23,88.70,91.52,94.60
2026-06-25,Thu,900425,198091,86.28,90.80,93.47,92.50
2026-06-26,Fri,917067,207189,86.56,90.90,92.51,93.40
2026-06-27,Sat,877670,209153,82.22,87.60,92.19,93.30
2026-06-28,Sun,896195,221394,86.09,90.30,92.68,95.00
2026-06-29,Mon,878551,214352,83.60,87.80,90.90,90.60
2026-06-30,Tue,857463,202730,84.23,88.70,91.92,91.50
2026-07-01,Wed,813214,204853,84.09,88.80,91.36,88.50
2026-07-02,Thu,791095,204102,84.01,88.60,92.17,91.00
2026-07-03,Fri,814970,205467,84.43,88.20,93.07,92.60
2026-07-04,Sat,803233,210775,84.10,87.40,93.96,92.20
2026-07-05,Sun,827396,218066,86.63,89.60,93.19,90.05
