Year,Month,Route,PaxArr_toVTZ,PaxDep_fromVTZ,PaxTotal
2015,4,Hyderabad,25110,22636,47746
2015,4,Bengaluru,10307,10019,20326
2015,4,Delhi,8101,8264,16365
2015,4,Chennai,5334,5185,10519
2015,4,Mumbai,4327,5170,9497
2015,4,Kolkata,1672,2216,3888
2015,4,Tirupati,1219,1332,2551
2015,4,Bhubaneswar,413,554,967
2015,4,Port Blair,507,171,678
2015,4,Vijayawada,344,245,589
2015,4,Raipur,230,0,230
2015,5,Hyderabad,28926,29145,58071
2015,5,Bengaluru,10536,11301,21837
2015,5,Delhi,10719,9548,20267
2015,5,Chennai,5603,5612,11215
2015,5,Mumbai,4827,6189,11016
2015,5,Kolkata,1885,2151,4036
2015,5,Tirupati,1357,1629,2986
2015,5,Bhubaneswar,588,729,1317
2015,5,Port Blair,618,526,1144
2015,5,Raipur,312,0,312
2015,6,Hyderabad,23864,23359,47223
2015,6,Bengaluru,11152,11405,22557
2015,6,Delhi,10252,8106,18358
2015,6,Chennai,5457,5393,10850
2015,6,Mumbai,4222,5440,9662
2015,6,Kolkata,2043,1781,3824
2015,6,Tirupati,1424,1475,2899
2015,6,Port Blair,614,748,1362
2015,6,Bhubaneswar,497,624,1121
2015,6,Raipur,258,0,258
2015,7,Hyderabad,26993,26058,53051
2015,7,Bengaluru,16536,16098,32634
2015,7,Delhi,8918,8701,17619
2015,7,Mumbai,6041,6311,12352
2015,7,Chennai,5791,5699,11490
2015,7,Tirupati,1559,1719,3278
2015,7,Kolkata,1535,1690,3225
2015,7,Port Blair,644,673,1317
2015,7,Kochi,557,698,1255
2015,7,Bhubaneswar,537,625,1162
2015,7,Raipur,272,0,272
2015,7,Mangalore,28,18,46
2015,8,Hyderabad,26817,26497,53314
2015,8,Bengaluru,16479,17062,33541
2015,8,Delhi,7729,8307,16036
2015,8,Mumbai,5455,6028,11483
2015,8,Chennai,5538,5611,11149
2015,8,Kolkata,1668,1792,3460
2015,8,Tirupati,1354,1503,2857
2015,8,Bhubaneswar,769,673,1442
2015,8,Kochi,356,563,919
2015,8,Port Blair,476,393,869
2015,8,Raipur,527,0,527
2015,8,Mangalore,18,25,43
2015,9,Hyderabad,25642,24965,50607
2015,9,Bengaluru,12936,12691,25627
2015,9,Delhi,7564,7654,15218
2015,9,Mumbai,5289,5858,11147
2015,9,Chennai,5183,5008,10191
2015,9,Bengaluru,4949,4664,9613
2015,9,Kolkata,1390,1662,3052
2015,9,Tirupati,1053,1256,2309
2015,9,Bhubaneswar,616,635,1251
2015,9,Kochi,471,554,1025
2015,9,Port Blair,345,357,702
2015,9,Raipur,582,0,582
2015,9,Mangalore,28,43,71
2015,10,Hyderabad,28224,27432,55656
2015,10,Bengaluru,20013,18810,38823
2015,10,Mumbai,8263,5883,14146
2015,10,Port Blair,3202,10721,13923
2015,10,Delhi,7213,6649,13862
2015,10,Chennai,5268,5118,10386
2015,10,Kolkata,1916,2456,4372
2015,10,Raipur,3456,0,3456
2015,10,Tirupati,1080,1041,2121
2015,10,Bhubaneswar,861,756,1617
2015,10,Kochi,465,545,1010
2015,10,Mangalore,0,40,40
2015,11,Hyderabad,26555,26351,52906
2015,11,Bengaluru,15054,14563,29617
2015,11,Delhi,12001,11593,23594
2015,11,Mumbai,6202,7136,13338
2015,11,Chennai,5265,5257,10522
2015,11,Kolkata,2031,2294,4325
2015,11,Bhubaneswar,693,654,1347
2015,11,Port Blair,660,659,1319
2015,11,Vijayawada,516,361,877
2015,11,Raipur,370,0,370
2015,12,Hyderabad,29290,29534,58824
2015,12,Bengaluru,17172,16212,33384
2015,12,Delhi,18206,14558,32764
2015,12,Mumbai,8553,8399,16952
2015,12,Chennai,3974,3990,7964
2015,12,Kolkata,1966,2260,4226
2015,12,Bhubaneswar,730,800,1530
2015,12,Port Blair,681,622,1303
2015,12,Vijayawada,532,421,953
2015,12,Raipur,413,0,413
2016,1,Hyderabad,28462,30343,58805
2016,1,Bengaluru,19060,19317,38377
2016,1,Delhi,16317,17766,34083
2016,1,Mumbai,8733,9158,17891
2016,1,Chennai,5093,5097,10190
2016,1,Kolkata,1898,2415,4313
2016,1,Bhubaneswar,677,561,1238
2016,1,Port Blair,591,621,1212
2016,1,Vijayawada,400,272,672
2016,1,Raipur,390,0,390
2016,2,Hyderabad,28960,30249,59209
2016,2,Bengaluru,19265,19638,38903
2016,2,Delhi,14772,15919,30691
2016,2,Mumbai,7971,8205,16176
2016,2,Chennai,5047,4941,9988
2016,2,Kolkata,1197,1412,2609
2016,2,Bhubaneswar,735,729,1464
2016,2,Port Blair,654,627,1281
2016,2,Vijayawada,467,404,871
2016,2,Raipur,353,0,353
2016,3,Hyderabad,30703,31195,61898
2016,3,Delhi,16340,18294,34634
2016,3,Bengaluru,16505,16847,33352
2016,3,Mumbai,7759,8306,16065
2016,3,Chennai,5584,5481,11065
2016,3,Kolkata,1078,1286,2364
2016,3,Bhubaneswar,723,798,1521
2016,3,Port Blair,508,515,1023
2016,3,Vijayawada,409,328,737
2016,3,Raipur,339,0,339
2016,3,Srinagar,15,35,50
2016,4,Hyderabad,32069,31293,63362
2016,4,Bengaluru,20261,19995,40256
2016,4,Delhi,16259,17981,34240
2016,4,Mumbai,8279,8841,17120
2016,4,Chennai,5483,5468,10951
2016,4,Kolkata,1279,1510,2789
2016,4,Vijayawada,204,1699,1903
2016,4,Port Blair,833,691,1524
2016,4,Bhubaneswar,666,827,1493
2016,4,Tirupati,226,249,475
2016,4,Srinagar,183,162,345
2016,4,Raipur,312,0,312
2016,5,Hyderabad,29520,31086,60606
2016,5,Delhi,20022,19937,39959
2016,5,Bengaluru,16917,17748,34665
2016,5,Mumbai,8291,9486,17777
2016,5,Chennai,5688,5601,11289
2016,5,Vijayawada,1294,2801,4095
2016,5,Kolkata,1432,1401,2833
2016,5,Tirupati,935,1136,2071
2016,5,Port Blair,867,725,1592
2016,5,Bhubaneswar,791,730,1521
2016,5,Srinagar,391,460,851
2016,5,Raipur,272,0,272
2016,6,Hyderabad,26297,26848,53145
2016,6,Bengaluru,19080,18619,37699
2016,6,Delhi,17753,15557,33310
2016,6,Chennai,9424,8727,18151
2016,6,Mumbai,7943,7948,15891
2016,6,Vijayawada,1132,2241,3373
2016,6,Kolkata,1503,1468,2971
2016,6,Tirupati,973,920,1893
2016,6,Bhubaneswar,681,776,1457
2016,6,Port Blair,721,694,1415
2016,6,Ahmedabad,0,611,611
2016,6,Raipur,366,0,366
2016,6,Srinagar,115,68,183
2016,6,Coimbatore,146,0,146
2016,7,Hyderabad,29414,29874,59288
2016,7,Bengaluru,21438,21280,42718
2016,7,Delhi,14974,14471,29445
2016,7,Chennai,10631,10431,21062
2016,7,Mumbai,7879,7823,15702
2016,7,Vijayawada,1295,2498,3793
2016,7,Kolkata,1204,1361,2565
2016,7,Tirupati,875,794,1669
2016,7,Bhubaneswar,647,732,1379
2016,7,Port Blair,663,714,1377
2016,7,Ahmedabad,347,575,922
2016,7,Raipur,482,0,482
2016,7,Coimbatore,202,102,304
2016,8,Hyderabad,35995,37356,73351
2016,8,Bengaluru,21551,21785,43336
2016,8,Chennai,13907,13577,27484
2016,8,Delhi,12193,12023,24216
2016,8,Mumbai,8105,8815,16920
2016,8,Vijayawada,2357,2174,4531
2016,8,Kolkata,1918,2423,4341
2016,8,Tirupati,721,689,1410
2016,8,Bhubaneswar,634,739,1373
2016,8,Port Blair,620,587,1207
2016,8,Ahmedabad,476,676,1152
2016,8,Coimbatore,356,224,580
2016,8,Raipur,574,0,574
2016,8,Agartala,11,0,11
2016,9,Hyderabad,28494,29259,57753
2016,9,Bengaluru,21901,20878,42779
2016,9,Chennai,12566,11800,24366
2016,9,Delhi,10719,11541,22260
2016,9,Mumbai,6797,8277,15074
2016,9,Kolkata,3205,4584,7789
2016,9,Vijayawada,1505,1472,2977
2016,9,Tirupati,873,812,1685
2016,9,Bhubaneswar,539,990,1529
2016,9,Port Blair,657,658,1315
2016,9,Ahmedabad,298,568,866
2016,9,Coimbatore,310,266,576
2016,9,Raipur,392,0,392
2016,9,Agartala,27,0,27
2016,10,Hyderabad,31691,31301,62992
2016,10,Bengaluru,24732,22223,46955
2016,10,Chennai,14604,13131,27735
2016,10,Delhi,11751,11647,23398
2016,10,Mumbai,7869,7590,15459
2016,10,Kolkata,5551,7006,12557
2016,10,Vijayawada,888,2554,3442
2016,10,Bhubaneswar,811,1258,2069
2016,10,Tirupati,783,821,1604
2016,10,Port Blair,736,646,1382
2016,10,Ahmedabad,363,761,1124
2016,10,Coimbatore,318,268,586
2016,10,Raipur,459,0,459
2016,10,Agartala,39,0,39
2016,11,Hyderabad,30191,34500,64691
2016,11,Bengaluru,22261,23728,45989
2016,11,Delhi,12839,12350,25189
2016,11,Chennai,12673,12375,25048
2016,11,Kolkata,6805,7631,14436
2016,11,Mumbai,6284,7156,13440
2016,11,Vijayawada,1697,1743,3440
2016,11,Bhubaneswar,951,940,1891
2016,11,Tirupati,885,850,1735
2016,11,Ahmedabad,594,707,1301
2016,11,Port Blair,561,529,1090
2016,11,Coimbatore,359,288,647
2016,11,Raipur,609,0,609
2016,11,Agartala,63,0,63
2016,12,Hyderabad,35535,36677,72212
2016,12,Bengaluru,22869,22315,45184
2016,12,Delhi,15559,11543,27102
2016,12,Chennai,13487,12337,25824
2016,12,Mumbai,9349,9388,18737
2016,12,Kolkata,8331,8811,17142
2016,12,Vijayawada,1730,1526,3256
2016,12,Bhubaneswar,827,925,1752
2016,12,Ahmedabad,593,905,1498
2016,12,Tirupati,738,704,1442
2016,12,Port Blair,693,624,1317
2016,12,Coimbatore,469,321,790
2016,12,Raipur,715,0,715
2016,12,Agartala,69,0,69
2017,1,Hyderabad,34376,36455,70831
2017,1,Bengaluru,22224,22187,44411
2017,1,Delhi,13144,13904,27048
2017,1,Chennai,13200,12694,25894
2017,1,Mumbai,9739,9919,19658
2017,1,Kolkata,7916,9498,17414
2017,1,Vijayawada,936,840,1776
2017,1,Ahmedabad,485,1185,1670
2017,1,Bhubaneswar,703,817,1520
2017,1,Port Blair,789,699,1488
2017,1,Raipur,733,0,733
2017,1,Coimbatore,357,332,689
2017,2,Hyderabad,31830,34943,66773
2017,2,Bengaluru,18979,18872,37851
2017,2,Chennai,11871,11468,23339
2017,2,Delhi,11003,11506,22509
2017,2,Mumbai,7887,7761,15648
2017,2,Kolkata,5787,7137,12924
2017,2,Bhubaneswar,674,907,1581
2017,2,Vijayawada,730,674,1404
2017,2,Port Blair,686,576,1262
2017,2,Ahmedabad,376,616,992
2017,2,Coimbatore,398,230,628
2017,2,Raipur,504,0,504
2017,2,Agartala,87,0,87
2017,3,Hyderabad,31979,34959,66938
2017,3,Bengaluru,18584,17793,36377
2017,3,Chennai,12134,11574,23708
2017,3,Delhi,10874,10869,21743
2017,3,Mumbai,9208,8793,18001
2017,3,Kolkata,4614,6068,10682
2017,3,Bhubaneswar,532,1075,1607
2017,3,Vijayawada,836,674,1510
2017,3,Port Blair,642,609,1251
2017,3,Ahmedabad,418,574,992
2017,3,Coimbatore,292,223,515
2017,3,Raipur,428,0,428
2017,3,Agartala,78,0,78
2017,4,Hyderabad,32179,32548,64727
2017,4,Bengaluru,20451,18569,39020
2017,4,Mumbai,12898,12214,25112
2017,4,Delhi,10856,11640,22496
2017,4,Chennai,10162,10002,20164
2017,4,Kolkata,4716,7042,11758
2017,4,Vijayawada,881,1578,2459
2017,4,Bhubaneswar,503,1615,2118
2017,4,Port Blair,680,575,1255
2017,4,Ahmedabad,488,316,804
2017,4,Coimbatore,232,264,496
2017,4,Raipur,211,178,389
2017,4,Agartala,95,0,95
2017,5,Hyderabad,38235,41838,80073
2017,5,Bengaluru,20809,21381,42190
2017,5,Delhi,15152,14186,29338
2017,5,Mumbai,13218,13939,27157
2017,5,Chennai,11050,11622,22672
2017,5,Kolkata,6229,7599,13828
2017,5,Vijayawada,1827,1913,3740
2017,5,Bhubaneswar,1455,2122,3577
2017,5,Port Blair,979,855,1834
2017,5,Ahmedabad,513,455,968
2017,5,Coimbatore,353,358,711
2017,5,Raipur,302,274,576
2017,5,Agartala,119,0,119
2017,6,Hyderabad,35354,36256,71610
2017,6,Bengaluru,20444,19072,39516
2017,6,Delhi,14208,11978,26186
2017,6,Mumbai,10393,10637,21030
2017,6,Chennai,10248,10076,20324
2017,6,Kolkata,6027,6801,12828
2017,6,Vijayawada,2748,2724,5472
2017,6,Bhubaneswar,1082,2619,3701
2017,6,Port Blair,752,1005,1757
2017,6,Ahmedabad,581,618,1199
2017,6,Coimbatore,291,361,652
2017,6,Agartala,181,0,181
2017,6,Vadodara,0,8,8
2017,7,Hyderabad,31204,31407,62611
2017,7,Bengaluru,19583,19152,38735
2017,7,Delhi,10777,10725,21502
2017,7,Chennai,9967,9833,19800
2017,7,Mumbai,8221,9291,17512
2017,7,Kolkata,4862,5163,10025
2017,7,Vijayawada,2633,2660,5293
2017,7,Bhubaneswar,817,1306,2123
2017,7,Port Blair,726,814,1540
2017,7,Raipur,1276,0,1276
2017,7,Ahmedabad,500,469,969
2017,7,Coimbatore,269,325,594
2017,7,Agartala,58,0,58
2017,7,Vadodara,0,12,12
2017,8,Hyderabad,26393,27305,53698
2017,8,Bengaluru,20457,20494,40951
2017,8,Delhi,10337,11472,21809
2017,8,Chennai,9973,9440,19413
2017,8,Mumbai,7817,10126,17943
2017,8,Kolkata,4222,4627,8849
2017,8,Vijayawada,3263,3223,6486
2017,8,Bhubaneswar,673,1138,1811
2017,8,Port Blair,689,652,1341
2017,8,Raipur,1132,0,1132
2017,8,Ahmedabad,448,328,776
2017,8,Coimbatore,319,374,693
2017,8,Vadodara,0,7,7
2017,9,Hyderabad,26048,26718,52766
2017,9,Bengaluru,19559,18532,38091
2017,9,Delhi,9585,10873,20458
2017,9,Chennai,9396,8515,17911
2017,9,Mumbai,7173,8989,16162
2017,9,Kolkata,6883,8710,15593
2017,9,Vijayawada,3164,3012,6176
2017,9,Bhubaneswar,772,1578,2350
2017,9,Port Blair,524,583,1107
2017,9,Raipur,1088,0,1088
2017,9,Ahmedabad,422,438,860
2017,9,Coimbatore,325,385,710
2017,9,Agartala,81,0,81
2017,9,Pune,0,63,63
2017,10,Hyderabad,32767,32714,65481
2017,10,Bengaluru,19707,19132,38839
2017,10,Delhi,14040,14004,28044
2017,10,Chennai,9399,8354,17753
2017,10,Mumbai,7620,8260,15880
2017,10,Kolkata,6925,8429,15354
2017,10,Vijayawada,3253,3258,6511
2017,10,Bhubaneswar,745,1523,2268
2017,10,Port Blair,578,572,1150
2017,10,Ahmedabad,451,439,890
2017,10,Coimbatore,381,476,857
2017,10,Raipur,710,0,710
2017,10,Agartala,91,0,91
2017,10,Pune,0,25,25
2017,11,Hyderabad,34753,33505,68258
2017,11,Bengaluru,17406,17564,34970
2017,11,Delhi,14514,13395,27909
2017,11,Chennai,10563,10645,21208
2017,11,Mumbai,7586,9131,16717
2017,11,Kolkata,4665,4805,9470
2017,11,Vijayawada,3289,3217,6506
2017,11,Bhubaneswar,888,1713,2601
2017,11,Ahmedabad,552,616,1168
2017,11,Coimbatore,501,485,986
2017,11,Port Blair,485,453,938
2017,11,Raipur,520,0,520
2017,11,Pune,0,49,49
2017,11,Agartala,4,0,4
2017,12,Hyderabad,35528,34854,70382
2017,12,Bengaluru,20271,19757,40028
2017,12,Delhi,15394,12850,28244
2017,12,Chennai,10744,10947,21691
2017,12,Kolkata,8548,9261,17809
2017,12,Mumbai,8096,8829,16925
2017,12,Vijayawada,3503,3402,6905
2017,12,Bhubaneswar,1956,994,2950
2017,12,Ahmedabad,704,740,1444
2017,12,Coimbatore,577,680,1257
2017,12,Port Blair,520,538,1058
2017,12,Raipur,875,0,875
2017,12,Pune,0,40,40
2018,1,Hyderabad,33048,35475,68523
2018,1,Bengaluru,20650,21383,42033
2018,1,Delhi,15327,16416,31743
2018,1,Chennai,10469,10886,21355
2018,1,Mumbai,8173,9532,17705
2018,1,Kolkata,7075,9284,16359
2018,1,Vijayawada,3773,3774,7547
2018,1,Bhubaneswar,2111,1267,3378
2018,1,Port Blair,1218,1086,2304
2018,1,Ahmedabad,664,748,1412
2018,1,Coimbatore,500,806,1306
2018,1,Raipur,1032,0,1032
2018,1,Pune,0,74,74
2018,2,Hyderabad,30561,30514,61075
2018,2,Bengaluru,21364,19660,41024
2018,2,Delhi,13160,13675,26835
2018,2,Chennai,11706,10532,22238
2018,2,Kolkata,7987,9108,17095
2018,2,Mumbai,7894,8830,16724
2018,2,Vijayawada,3488,3365,6853
2018,2,Bhubaneswar,787,1819,2606
2018,2,Port Blair,1132,945,2077
2018,2,Ahmedabad,461,782,1243
2018,2,Raipur,1090,0,1090
2018,2,Coimbatore,498,566,1064
2018,2,Pune,0,77,77
2018,2,Agartala,46,0,46
2018,3,Hyderabad,37268,36669,73937
2018,3,Bengaluru,24345,23484,47829
2018,3,Delhi,16277,15655,31932
2018,3,Chennai,12538,13163,25701
2018,3,Kolkata,9548,10567,20115
2018,3,Mumbai,7925,9465,17390
2018,3,Vijayawada,3727,3652,7379
2018,3,Bhubaneswar,767,1745,2512
2018,3,Port Blair,1189,987,2176
2018,3,Raipur,1283,0,1283
2018,3,Ahmedabad,290,298,588
2018,3,Coimbatore,214,341,555
2018,3,Agartala,160,0,160
2018,3,Pune,0,63,63
2018,3,Indore,0,26,26
2018,4,Hyderabad,35766,35537,71303
2018,4,Bengaluru,24795,22853,47648
2018,4,Delhi,15491,16271,31762
2018,4,Chennai,12076,11966,24042
2018,4,Kolkata,8546,10894,19440
2018,4,Mumbai,8162,8272,16434
2018,4,Vijayawada,2871,3369,6240
2018,4,Port Blair,1383,1045,2428
2018,4,Bhubaneswar,897,1311,2208
2018,4,Raipur,996,0,996
2018,4,Ahmedabad,404,427,831
2018,4,Coimbatore,337,476,813
2018,4,Agartala,182,3,185
2018,4,Pune,0,40,40
2018,4,Srinagar,37,0,37
2018,4,Indore,0,16,16
2018,5,Hyderabad,35385,37843,73228
2018,5,Bengaluru,23306,27068,50374
2018,5,Delhi,15533,15570,31103
2018,5,Kolkata,12491,13167,25658
2018,5,Chennai,11759,13062,24821
2018,5,Mumbai,8293,8643,16936
2018,5,Vijayawada,3090,2891,5981
2018,5,Bhubaneswar,1495,1470,2965
2018,5,Port Blair,1565,1265,2830
2018,5,Coimbatore,525,723,1248
2018,5,Raipur,1232,0,1232
2018,5,Ahmedabad,493,663,1156
2018,5,Tirupati,397,495,892
2018,5,Agartala,198,2,200
2018,5,Srinagar,71,0,71
2018,5,Pune,0,43,43
2018,6,Hyderabad,34226,33480,67706
2018,6,Bengaluru,24699,17360,42059
2018,6,Delhi,16339,14172,30511
2018,6,Kolkata,12591,14065,26656
2018,6,Chennai,11078,10396,21474
2018,6,Mumbai,7244,7404,14648
2018,6,Vijayawada,3086,2955,6041
2018,6,Port Blair,1347,1376,2723
2018,6,Bhubaneswar,1039,1234,2273
2018,6,Ahmedabad,584,637,1221
2018,6,Raipur,1054,0,1054
2018,6,Coimbatore,433,536,969
2018,6,Tirupati,360,477,837
2018,6,Agartala,167,2,169
2018,6,Jagdalpur,67,50,117
2018,6,Pune,0,69,69
2018,6,Srinagar,67,0,67
2018,7,Hyderabad,37796,39093,76889
2018,7,Bengaluru,22510,15885,38395
2018,7,Delhi,16759,17445,34204
2018,7,Kolkata,10698,13126,23824
2018,7,Chennai,10900,10630,21530
2018,7,Mumbai,6915,7324,14239
2018,7,Vijayawada,2735,3393,6128
2018,7,Port Blair,1063,1564,2627
2018,7,Bhubaneswar,721,788,1509
2018,7,Raipur,1171,0,1171
2018,7,Ahmedabad,413,506,919
2018,7,Coimbatore,354,488,842
2018,7,Tirupati,507,214,721
2018,7,Agartala,95,0,95
2018,7,Srinagar,88,0,88
2018,7,Jagdalpur,41,27,68
2018,7,Pune,0,49,49
2018,8,Hyderabad,36069,37875,73944
2018,8,Bengaluru,25954,24792,50746
2018,8,Delhi,16631,16649,33280
2018,8,Kolkata,9526,10920,20446
2018,8,Chennai,9912,8603,18515
2018,8,Mumbai,8188,8468,16656
2018,8,Vijayawada,2793,2654,5447
2018,8,Port Blair,1324,1224,2548
2018,8,Bhubaneswar,751,867,1618
2018,8,Raipur,1248,0,1248
2018,8,Tirupati,554,605,1159
2018,8,Coimbatore,552,603,1155
2018,8,Ahmedabad,498,570,1068
2018,8,Srinagar,216,0,216
2018,8,Agartala,100,0,100
2018,8,Pune,0,57,57
2018,8,Jagdalpur,3,7,10
2018,9,Hyderabad,31957,35447,67404
2018,9,Bengaluru,23975,24065,48040
2018,9,Delhi,16523,17445,33968
2018,9,Kolkata,9600,10846,20446
2018,9,Chennai,9461,8243,17704
2018,9,Mumbai,8368,9180,17548
2018,9,Vijayawada,2545,2413,4958
2018,9,Port Blair,956,1000,1956
2018,9,Bhubaneswar,806,1005,1811
2018,9,Ahmedabad,543,598,1141
2018,9,Raipur,1122,0,1122
2018,9,Tirupati,543,567,1110
2018,9,Coimbatore,296,286,582
2018,9,Srinagar,272,0,272
2018,9,Agartala,92,0,92
2018,9,Jagdalpur,20,40,60
2018,9,Pune,0,45,45
2018,10,Hyderabad,33266,33994,67260
2018,10,Bengaluru,31220,28847,60067
2018,10,Delhi,17402,17693,35095
2018,10,Kolkata,12399,13843,26242
2018,10,Mumbai,10177,10219,20396
2018,10,Chennai,8904,8494,17398
2018,10,Tirupati,2583,2448,5031
2018,10,Bhubaneswar,1300,1474,2774
2018,10,Port Blair,1164,999,2163
2018,10,Ahmedabad,746,751,1497
2018,10,Coimbatore,387,529,916
2018,10,Raipur,897,0,897
2018,10,Srinagar,480,0,480
2018,10,Pune,74,99,173
2018,10,Agartala,108,0,108
2018,10,Guwahati,0,24,24
2018,10,Indore,0,11,11
2018,10,Patna,0,6,6
2018,10,Jaipur,5,0,5
2018,11,Hyderabad,26559,28243,54802
2018,11,Bengaluru,26691,27269,53960
2018,11,Delhi,14512,13363,27875
2018,11,Kolkata,11983,12817,24800
2018,11,Chennai,11371,11933,23304
2018,11,Mumbai,7618,8244,15862
2018,11,Vijayawada,0,5126,5126
2018,11,Bhubaneswar,1019,1035,2054
2018,11,Port Blair,959,859,1818
2018,11,Ahmedabad,814,733,1547
2018,11,Coimbatore,634,540,1174
2018,11,Raipur,769,0,769
2018,11,Srinagar,387,0,387
2018,11,Guwahati,0,295,295
2018,11,Jaipur,65,0,65
2018,11,Pune,0,37,37
2018,11,Patna,0,28,28
2018,12,Hyderabad,35911,34310,70221
2018,12,Bengaluru,31239,29510,60749
2018,12,Delhi,16209,14946,31155
2018,12,Kolkata,13621,13091,26712
2018,12,Chennai,12594,13456,26050
2018,12,Mumbai,8392,8629,17021
2018,12,Kochi,5199,4818,10017
2018,12,Vijayawada,0,5361,5361
2018,12,Bhubaneswar,1803,1589,3392
2018,12,Port Blair,991,881,1872
2018,12,Ahmedabad,999,870,1869
2018,12,Coimbatore,541,637,1178
2018,12,Raipur,965,0,965
2018,12,Srinagar,317,0,317
2018,12,Guwahati,0,163,163
2018,12,Jaipur,145,0,145
2018,12,Pune,0,76,76
2018,12,Udaipur,2,0,2
2019,1,Hyderabad,32209,34761,66970
2019,1,Bengaluru,26926,27697,54623
2019,1,Delhi,13999,15675,29674
2019,1,Kolkata,12634,13908,26542
2019,1,Chennai,9973,11099,21072
2019,1,Mumbai,8967,9083,18050
2019,1,Kochi,3839,3562,7401
2019,1,Vijayawada,2381,2251,4632
2019,1,Bhubaneswar,1565,1684,3249
2019,1,Ahmedabad,1115,1105,2220
2019,1,Port Blair,1038,1056,2094
2019,1,Coimbatore,1006,672,1678
2019,1,Tirupati,551,589,1140
2019,1,Raipur,1000,0,1000
2019,1,Guwahati,0,400,400
2019,1,Srinagar,273,0,273
2019,1,Jaipur,37,0,37
2019,1,Pune,0,37,37
2019,1,Udaipur,2,0,2
2019,2,Hyderabad,34273,35112,69385
2019,2,Bengaluru,22399,22208,44607
2019,2,Delhi,13981,14298,28279
2019,2,Chennai,11073,11295,22368
2019,2,Kolkata,9985,11101,21086
2019,2,Mumbai,5220,5332,10552
2019,2,Kochi,2881,2582,5463
2019,2,Vijayawada,0,5369,5369
2019,2,Bhubaneswar,1490,1627,3117
2019,2,Port Blair,1094,1011,2105
2019,2,Ahmedabad,806,693,1499
2019,2,Coimbatore,444,514,958
2019,2,Raipur,856,0,856
2019,2,Srinagar,242,0,242
2019,2,Agartala,110,0,110
2019,2,Jaipur,78,0,78
2019,2,Surat,0,41,41
2019,2,Indore,0,18,18
2019,2,Udaipur,3,0,3
2019,2,Guwahati,0,1,1
2019,3,Hyderabad,35745,37337,73082
2019,3,Bengaluru,25564,25140,50704
2019,3,Delhi,14181,13594,27775
2019,3,Kolkata,10657,12150,22807
2019,3,Chennai,8402,8298,16700
2019,3,Mumbai,4387,4784,9171
2019,3,Vijayawada,2409,2176,4585
2019,3,Kochi,2233,2178,4411
2019,3,Port Blair,1436,1197,2633
2019,3,Bhubaneswar,1083,1243,2326
2019,3,Ahmedabad,764,671,1435
2019,3,Coimbatore,479,588,1067
2019,3,Tirupati,455,520,975
2019,3,Raipur,764,0,764
2019,3,Agartala,151,0,151
2019,3,Srinagar,117,0,117
2019,3,Pune,0,96,96
2019,3,Indore,0,67,67
2019,3,Surat,0,43,43
2019,3,Udaipur,16,0,16
2019,4,Hyderabad,36843,36486,73329
2019,4,Bengaluru,23628,22649,46277
2019,4,Delhi,12178,13079,25257
2019,4,Kolkata,7748,9805,17553
2019,4,Chennai,8475,7627,16102
2019,4,Mumbai,4816,5687,10503
2019,4,Kochi,2771,2615,5386
2019,4,Vijayawada,2430,2016,4446
2019,4,Port Blair,1461,1185,2646
2019,4,Coimbatore,495,666,1161
2019,4,Tirupati,499,542,1041
2019,4,Ahmedabad,755,201,956
2019,4,Raipur,577,0,577
2019,4,Srinagar,129,0,129
2019,5,Hyderabad,40518,42399,82917
2019,5,Bengaluru,23457,24839,48296
2019,5,Delhi,19802,18635,38437
2019,5,Kolkata,12385,11679,24064
2019,5,Chennai,8827,8558,17385
2019,5,Mumbai,5433,6143,11576
2019,5,Kochi,4058,4413,8471
2019,5,Vijayawada,2703,2527,5230
2019,5,Port Blair,1559,1379,2938
2019,5,Coimbatore,581,1037,1618
2019,5,Ahmedabad,1119,242,1361
2019,5,Tirupati,456,479,935
2019,5,Raipur,695,0,695
2019,5,Srinagar,194,0,194
2019,5,Udaipur,2,0,2
2019,6,Hyderabad,39591,42042,81633
2019,6,Delhi,21542,19608,41150
2019,6,Bengaluru,19070,19192,38262
2019,6,Kolkata,9073,9083,18156
2019,6,Chennai,8968,8922,17890
2019,6,Mumbai,6592,7035,13627
2019,6,Kochi,4028,3003,7031
2019,6,Vijayawada,2357,2244,4601
2019,6,Port Blair,1155,1182,2337
2019,6,Coimbatore,536,651,1187
2019,6,Ahmedabad,960,0,960
2019,6,Tirupati,405,449,854
2019,6,Raipur,730,0,730
2019,6,Srinagar,184,0,184
2019,6,Mysore,38,65,103
2019,6,Udaipur,1,0,1
2019,7,Hyderabad,38651,40293,78944
2019,7,Delhi,19694,19199,38893
2019,7,Bengaluru,16560,17374,33934
2019,7,Chennai,10106,10115,20221
2019,7,Kolkata,7887,8513,16400
2019,7,Mumbai,5199,5690,10889
2019,7,Vijayawada,1374,1393,2767
2019,7,Port Blair,771,1414,2185
2019,7,Coimbatore,519,766,1285
2019,7,Tirupati,224,285,509
2019,7,Raipur,487,0,487
2019,7,Ahmedabad,463,0,463
2019,7,Srinagar,341,0,341
2019,7,Mysore,41,45,86
2019,7,Udaipur,2,0,2
2019,8,Hyderabad,37465,37633,75098
2019,8,Delhi,19139,19094,38233
2019,8,Bengaluru,15261,15073,30334
2019,8,Chennai,8668,8438,17106
2019,8,Kolkata,7305,8388,15693
2019,8,Mumbai,5507,6359,11866
2019,8,Port Blair,732,844,1576
2019,8,Coimbatore,370,596,966
2019,8,Ahmedabad,747,0,747
2019,8,Raipur,619,0,619
2019,8,Srinagar,200,0,200
2019,9,Hyderabad,37474,38089,75563
2019,9,Delhi,17011,17707,34718
2019,9,Bengaluru,12826,13014,25840
2019,9,Chennai,12824,12281,25105
2019,9,Kolkata,8148,8676,16824
2019,9,Mumbai,4912,5790,10702
2019,9,Port Blair,712,953,1665
2019,9,Coimbatore,566,499,1065
2019,9,Rajahmundry,439,387,826
2019,9,Raipur,476,0,476
2019,9,Ahmedabad,303,0,303
2019,9,Srinagar,75,0,75
2019,9,Kochi,39,0,39
2019,9,Udaipur,11,0,11
2019,10,Hyderabad,43305,41898,85203
2019,10,Delhi,17272,17624,34896
2019,10,Bengaluru,15393,14869,30262
2019,10,Chennai,10709,10822,21531
2019,10,Kolkata,8280,9351,17631
2019,10,Mumbai,6660,6617,13277
2019,10,Vijayawada,1618,1516,3134
2019,10,Rajahmundry,1165,950,2115
2019,10,Port Blair,922,847,1769
2019,10,Raipur,754,0,754
2019,10,Coimbatore,84,514,598
2019,10,Ahmedabad,468,0,468
2019,10,Srinagar,154,0,154
2019,10,Varanasi,0,88,88
2019,10,Kochi,40,0,40
2019,10,Udaipur,7,0,7
2019,10,Dabolim,0,5,5
2019,10,Silchar,0,5,5
2019,11,Hyderabad,39824,39677,79501
2019,11,Delhi,21544,20480,42024
2019,11,Bengaluru,19793,20045,39838
2019,11,Chennai,15474,15319,30793
2019,11,Kolkata,7880,9152,17032
2019,11,Mumbai,4821,5802,10623
2019,11,Vijayawada,3054,2810,5864
2019,11,Port Blair,947,1026,1973
2019,11,Rajahmundry,910,794,1704
2019,11,Coimbatore,575,476,1051
2019,11,Varanasi,0,731,731
2019,11,Raipur,545,0,545
2019,11,Ahmedabad,411,0,411
2019,11,Srinagar,145,0,145
2019,11,Dabolim,0,115,115
2019,11,Silchar,0,53,53
2019,11,Udaipur,2,0,2
2019,12,Hyderabad,41975,39645,81620
2019,12,Bengaluru,25925,23935,49860
2019,12,Delhi,22295,19514,41809
2019,12,Chennai,15703,15679,31382
2019,12,Kolkata,7832,9311,17143
2019,12,Mumbai,5634,5323,10957
2019,12,Vijayawada,3252,2992,6244
2019,12,Rajahmundry,1219,1045,2264
2019,12,Port Blair,1139,828,1967
2019,12,Coimbatore,805,705,1510
2019,12,Varanasi,0,883,883
2019,12,Raipur,801,0,801
2019,12,Ahmedabad,496,125,621
2019,12,Dabolim,0,349,349
2019,12,Silchar,0,147,147
2019,12,Srinagar,100,0,100
2019,12,Udaipur,4,0,4
2020,1,Hyderabad,38517,39681,78198
2020,1,Bengaluru,23246,23326,46572
2020,1,Delhi,19329,18992,38321
2020,1,Chennai,15540,15775,31315
2020,1,Kolkata,7149,9340,16489
2020,1,Mumbai,5915,6200,12115
2020,1,Vijayawada,2419,2196,4615
2020,1,Port Blair,1121,1014,2135
2020,1,Rajahmundry,1077,916,1993
2020,1,Coimbatore,597,741,1338
2020,1,Ahmedabad,416,135,551
2020,1,Raipur,520,0,520
2020,1,Varanasi,0,302,302
2020,1,Silchar,0,185,185
2020,1,Srinagar,170,0,170
2020,1,Dabolim,0,168,168
2020,1,Udaipur,15,0,15
2020,2,Hyderabad,36513,37528,74041
2020,2,Bengaluru,20950,20460,41410
2020,2,Delhi,16647,18600,35247
2020,2,Chennai,13646,12920,26566
2020,2,Kolkata,6925,8649,15574
2020,2,Mumbai,5952,6148,12100
2020,2,Vijayawada,2135,2057,4192
2020,2,Port Blair,1068,959,2027
2020,2,Rajahmundry,907,585,1492
2020,2,Coimbatore,564,535,1099
2020,2,Raipur,669,0,669
2020,2,Ahmedabad,315,129,444
2020,2,Srinagar,314,0,314
2020,2,Dabolim,0,236,236
2020,2,Patna,0,215,215
2020,2,Varanasi,0,137,137
2020,2,Silchar,0,58,58
2020,2,Udaipur,6,0,6
2020,3,Hyderabad,21896,20705,42601
2020,3,Bengaluru,16423,11183,27606
2020,3,Delhi,11864,10152,22016
2020,3,Chennai,9408,7586,16994
2020,3,Kolkata,4900,6302,11202
2020,3,Mumbai,4253,3447,7700
2020,3,Vijayawada,1368,1259,2627
2020,3,Port Blair,667,670,1337
2020,3,Rajahmundry,519,508,1027
2020,3,Coimbatore,419,182,601
2020,3,Raipur,591,0,591
2020,3,Ahmedabad,430,139,569
2020,3,Patna,0,377,377
2020,3,Srinagar,184,0,184
2020,3,Dabolim,0,107,107
2020,3,Silchar,0,65,65
2020,3,Udaipur,8,0,8
2020,5,Bengaluru,1742,1140,2882
2020,5,Delhi,1083,1043,2126
2020,5,Hyderabad,895,1028,1923
2020,5,Chennai,322,211,533
2020,5,Mumbai,166,0,166
2020,5,Nagpur,5,0,5
2020,6,Bengaluru,6579,5004,11583
2020,6,Hyderabad,5898,5315,11213
2020,6,Delhi,6192,4794,10986
2020,6,Chennai,1881,1031,2912
2020,6,Kolkata,285,442,727
2020,6,Mumbai,46,49,95
2020,6,Tirupati,7,0,7
2020,7,Hyderabad,7073,5573,12646
2020,7,Delhi,6592,4585,11177
2020,7,Bengaluru,4891,3689,8580
2020,7,Kolkata,1462,2090,3552
2020,7,Chennai,1940,931,2871
2020,7,Mumbai,832,494,1326
2020,7,Tirupati,130,0,130
2020,7,Bhubaneswar,6,8,14
2020,8,Hyderabad,10425,11197,21622
2020,8,Delhi,8372,6851,15223
2020,8,Bengaluru,5800,6216,12016
2020,8,Kolkata,2980,1877,4857
2020,8,Chennai,1696,2661,4357
2020,8,Mumbai,1056,1357,2413
2020,8,Tirupati,348,0,348
2020,8,Bhubaneswar,27,0,27
2020,9,Hyderabad,14447,17612,32059
2020,9,Delhi,9545,9011,18556
2020,9,Bengaluru,6643,7845,14488
2020,9,Chennai,3371,4043,7414
2020,9,Kolkata,4703,2403,7106
2020,9,Mumbai,1857,2413,4270
2020,9,Tirupati,506,453,959
2020,9,Vijayawada,18,19,37
2020,9,Bhubaneswar,0,3,3
2020,9,Raipur,0,2,2
2020,10,Hyderabad,22860,22261,45121
2020,10,Delhi,11508,10901,22409
2020,10,Bengaluru,9440,9789,19229
2020,10,Chennai,6524,7437,13961
2020,10,Kolkata,6200,3756,9956
2020,10,Mumbai,2816,3081,5897
2020,10,Tirupati,786,815,1601
2020,10,Vijayawada,0,12,12
2020,11,Hyderabad,26720,27634,54354
2020,11,Delhi,12545,13084,25629
2020,11,Bengaluru,10235,10665,20900
2020,11,Chennai,8395,10486,18881
2020,11,Kolkata,4706,4707,9413
2020,11,Mumbai,3662,3826,7488
2020,11,Tirupati,619,758,1377
2020,11,Raipur,174,0,174
2020,12,Hyderabad,32852,29926,62778
2020,12,Bengaluru,16080,14251,30331
2020,12,Delhi,15262,11576,26838
2020,12,Chennai,9300,9679,18979
2020,12,Kolkata,6545,5426,11971
2020,12,Mumbai,4536,3993,8529
2020,12,Tirupati,1490,1699,3189
2020,12,Vijayawada,1621,1364,2985
2020,12,Raipur,369,0,369
2021,1,Hyderabad,31840,33287,65127
2021,1,Bengaluru,17714,19386,37100
2021,1,Delhi,13215,12685,25900
2021,1,Chennai,10325,11146,21471
2021,1,Kolkata,6780,6389,13169
2021,1,Mumbai,4300,4512,8812
2021,1,Vijayawada,1468,1454,2922
2021,1,Tirupati,1143,1362,2505
2021,1,Raipur,538,0,538
2021,2,Hyderabad,25518,26900,52418
2021,2,Bengaluru,13026,14683,27709
2021,2,Delhi,11845,12276,24121
2021,2,Chennai,7602,8293,15895
2021,2,Kolkata,5109,5293,10402
2021,2,Mumbai,3528,3848,7376
2021,2,Tirupati,1125,1309,2434
2021,2,Vijayawada,1141,1148,2289
2021,2,Raipur,434,0,434
2021,3,Hyderabad,25140,25550,50690
2021,3,Bengaluru,13245,13454,26699
2021,3,Delhi,13186,12919,26105
2021,3,Chennai,6540,6711,13251
2021,3,Kolkata,4399,5500,9899
2021,3,Mumbai,3787,3820,7607
2021,3,Vijayawada,1429,1472,2901
2021,3,Tirupati,1037,1255,2292
2021,3,Port Blair,358,169,527
2021,3,Raipur,415,0,415
2021,3,Kurnool,136,120,256
2021,3,Ahmedabad,72,0,72
2021,3,Rajahmundry,32,37,69
2021,3,Coimbatore,42,16,58
2021,4,Hyderabad,19838,17981,37819
2021,4,Delhi,12607,11069,23676
2021,4,Bengaluru,11589,8244,19833
2021,4,Chennai,8192,6232,14424
2021,4,Kolkata,2350,6007,8357
2021,4,Mumbai,3490,2943,6433
2021,4,Port Blair,1767,595,2362
2021,4,Vijayawada,1284,1053,2337
2021,4,Kurnool,693,765,1458
2021,4,Ahmedabad,544,0,544
2021,4,Raipur,346,0,346
2021,4,Coimbatore,202,102,304
2021,4,Rajahmundry,85,83,168
2021,6,Hyderabad,14127,13502,27629
2021,6,Delhi,6469,8485,14954
2021,6,Bengaluru,3951,4952,8903
2021,6,Chennai,1789,2440,4229
2021,6,Mumbai,1577,2326,3903
2021,6,Kolkata,873,1093,1966
2021,6,Port Blair,774,496,1270
2021,6,Kurnool,501,536,1037
2021,6,Ahmedabad,494,0,494
2021,6,Raipur,245,0,245
2021,7,Hyderabad,22681,21331,44012
2021,7,Delhi,9367,10541,19908
2021,7,Bengaluru,8837,9061,17898
2021,7,Chennai,4233,5374,9607
2021,7,Mumbai,2325,2879,5204
2021,7,Kolkata,1902,2024,3926
2021,7,Kurnool,670,727,1397
2021,7,Port Blair,875,470,1345
2021,7,Ahmedabad,421,0,421
2021,7,Raipur,402,0,402
2021,8,Hyderabad,31527,30408,61935
2021,8,Delhi,14694,13929,28623
2021,8,Bengaluru,13991,13339,27330
2021,8,Chennai,5940,7480,13420
2021,8,Mumbai,2690,3789,6479
2021,8,Kolkata,3263,2477,5740
2021,8,Vijayawada,1053,997,2050
2021,8,Port Blair,816,904,1720
2021,8,Kurnool,804,783,1587
2021,8,Raipur,545,0,545
2021,8,Ahmedabad,0,430,430
2021,9,Hyderabad,25187,25270,50457
2021,9,Delhi,12378,13342,25720
2021,9,Bengaluru,12609,12912,25521
2021,9,Chennai,5421,7556,12977
2021,9,Mumbai,2259,3602,5861
2021,9,Kolkata,2805,3011,5816
2021,9,Vijayawada,1499,1324,2823
2021,9,Port Blair,926,1094,2020
2021,9,Kurnool,653,677,1330
2021,9,Raipur,462,0,462
2021,9,Ahmedabad,0,384,384
2021,10,Hyderabad,35589,32359,67948
2021,10,Bengaluru,18261,17211,35472
2021,10,Delhi,14672,15207,29879
2021,10,Chennai,7227,8940,16167
2021,10,Kolkata,4088,5092,9180
2021,10,Mumbai,2570,4067,6637
2021,10,Vijayawada,1783,1648,3431
2021,10,Kurnool,900,848,1748
2021,10,Port Blair,633,879,1512
2021,10,Raipur,545,0,545
2021,10,Ahmedabad,12,403,415
2021,10,Rajahmundry,21,14,35
2021,10,Coimbatore,0,6,6
2021,11,Hyderabad,32390,31582,63972
2021,11,Delhi,19109,20022,39131
2021,11,Bengaluru,17935,18591,36526
2021,11,Chennai,7968,8375,16343
2021,11,Mumbai,5305,6820,12125
2021,11,Kolkata,4983,5541,10524
2021,11,Vijayawada,1812,1796,3608
2021,11,Port Blair,1382,1249,2631
2021,11,Kurnool,655,672,1327
2021,11,Rajahmundry,556,540,1096
2021,11,Ahmedabad,492,327,819
2021,11,Raipur,683,0,683
2021,11,Coimbatore,0,144,144
2021,12,Hyderabad,36286,33224,69510
2021,12,Bengaluru,20916,19491,40407
2021,12,Delhi,21294,18126,39420
2021,12,Chennai,9927,10339,20266
2021,12,Mumbai,6586,7599,14185
2021,12,Kolkata,6090,5902,11992
2021,12,Vijayawada,1924,1872,3796
2021,12,Port Blair,1420,944,2364
2021,12,Rajahmundry,1340,758,2098
2021,12,Tirupati,924,1041,1965
2021,12,Kurnool,810,765,1575
2021,12,Raipur,892,0,892
2021,12,Ahmedabad,435,295,730
2021,12,Coimbatore,0,70,70
2022,1,Hyderabad,24362,22622,46984
2022,1,Delhi,13773,13526,27299
2022,1,Bengaluru,13407,11926,25333
2022,1,Chennai,5709,6219,11928
2022,1,Mumbai,4195,4900,9095
2022,1,Kolkata,2549,2976,5525
2022,1,Tirupati,2190,2292,4482
2022,1,Port Blair,1510,1424,2934
2022,1,Vijayawada,1602,1290,2892
2022,1,Kurnool,671,611,1282
2022,1,Rajahmundry,694,447,1141
2022,1,Raipur,418,0,418
2022,1,Ahmedabad,0,177,177
2022,2,Hyderabad,25324,24641,49965
2022,2,Delhi,13728,15420,29148
2022,2,Bengaluru,11913,13406,25319
2022,2,Chennai,5355,6812,12167
2022,2,Mumbai,5063,6414,11477
2022,2,Kolkata,3216,3922,7138
2022,2,Tirupati,1762,2412,4174
2022,2,Vijayawada,1688,1584,3272
2022,2,Port Blair,1696,1414,3110
2022,2,Kurnool,611,603,1214
2022,2,Rajahmundry,341,364,705
2022,2,Raipur,455,0,455
2022,3,Hyderabad,31979,30509,62488
2022,3,Delhi,19334,18712,38046
2022,3,Bengaluru,14885,15754,30639
2022,3,Chennai,7766,8711,16477
2022,3,Mumbai,5591,6702,12293
2022,3,Kolkata,5124,4838,9962
2022,3,Tirupati,2650,2901,5551
2022,3,Vijayawada,1778,1708,3486
2022,3,Port Blair,777,837,1614
2022,3,Kurnool,626,673,1299
2022,3,Rajahmundry,473,574,1047
2022,3,Raipur,921,0,921
2022,3,Ahmedabad,40,185,225
2022,3,Pune,88,65,153
2022,3,Kadapa,65,85,150
2022,3,Coimbatore,0,22,22
2022,3,Shirdi,8,0,8
2022,4,Hyderabad,33011,30725,63736
2022,4,Delhi,18312,17821,36133
2022,4,Bengaluru,16004,16796,32800
2022,4,Chennai,10538,11046,21584
2022,4,Mumbai,6036,6780,12816
2022,4,Kolkata,4452,5488,9940
2022,4,Vijayawada,2062,2032,4094
2022,4,Tirupati,1773,1957,3730
2022,4,Port Blair,1385,1144,2529
2022,4,Pune,1270,1178,2448
2022,4,Kurnool,735,683,1418
2022,4,Rajahmundry,698,494,1192
2022,4,Kadapa,565,561,1126
2022,4,Ahmedabad,349,366,715
2022,4,Raipur,474,0,474
2022,4,Coimbatore,0,247,247
2022,4,Shirdi,114,0,114
2022,5,Hyderabad,30057,29763,59820
2022,5,Delhi,20841,18250,39091
2022,5,Bengaluru,14503,19251,33754
2022,5,Chennai,9358,11323,20681
2022,5,Mumbai,6852,7400,14252
2022,5,Kolkata,5280,4510,9790
2022,5,Tirupati,1664,2020,3684
2022,5,Vijayawada,1678,1701,3379
2022,5,Pune,1396,1299,2695
2022,5,Port Blair,1156,1305,2461
2022,5,Kurnool,761,802,1563
2022,5,Rajahmundry,759,562,1321
2022,5,Kadapa,452,512,964
2022,5,Ahmedabad,417,340,757
2022,5,Raipur,433,0,433
2022,5,Coimbatore,0,275,275
2022,5,Shirdi,137,0,137
2022,6,Hyderabad,32151,31256,63407
2022,6,Delhi,22750,19420,42170
2022,6,Bengaluru,15624,17202,32826
2022,6,Chennai,11138,11810,22948
2022,6,Mumbai,6834,7282,14116
2022,6,Kolkata,5144,4647,9791
2022,6,Port Blair,1912,2994,4906
2022,6,Tirupati,1916,2086,4002
2022,6,Vijayawada,1811,1801,3612
2022,6,Kurnool,883,867,1750
2022,6,Kadapa,622,637,1259
2022,6,Ahmedabad,677,529,1206
2022,6,Rajahmundry,645,496,1141
2022,6,Coimbatore,0,598,598
2022,6,Raipur,400,0,400
2022,6,Shirdi,93,0,93
2022,7,Hyderabad,28212,26586,54798
2022,7,Delhi,17198,16673,33871
2022,7,Bengaluru,13967,15149,29116
2022,7,Chennai,9236,9836,19072
2022,7,Mumbai,7001,6895,13896
2022,7,Kolkata,4487,5032,9519
2022,7,Tirupati,1912,2141,4053
2022,7,Vijayawada,1718,1851,3569
2022,7,Port Blair,1290,1985,3275
2022,7,Kurnool,500,559,1059
2022,7,Kadapa,508,540,1048
2022,7,Rajahmundry,440,450,890
2022,7,Ahmedabad,440,339,779
2022,7,Coimbatore,0,408,408
2022,7,Raipur,402,0,402
2022,7,Shirdi,68,0,68
2022,8,Hyderabad,31470,31488,62958
2022,8,Bengaluru,17465,20398,37863
2022,8,Delhi,16718,19139,35857
2022,8,Chennai,9746,12097,21843
2022,8,Mumbai,6763,8649,15412
2022,8,Kolkata,4639,4670,9309
2022,8,Tirupati,2120,2173,4293
2022,8,Vijayawada,1939,2003,3942
2022,8,Port Blair,1462,1605,3067
2022,8,Kurnool,707,779,1486
2022,8,Kadapa,571,533,1104
2022,8,Rajahmundry,542,447,989
2022,8,Ahmedabad,450,270,720
2022,8,Raipur,368,0,368
2022,8,Coimbatore,0,332,332
2022,8,Shirdi,70,0,70
2022,8,Guwahati,0,17,17
2022,9,Hyderabad,24759,26073,50832
2022,9,Delhi,16091,17541,33632
2022,9,Bengaluru,15216,15696,30912
2022,9,Chennai,10485,11373,21858
2022,9,Mumbai,4608,5859,10467
2022,9,Kolkata,4493,5484,9977
2022,9,Vijayawada,1646,1726,3372
2022,9,Tirupati,1399,1596,2995
2022,9,Port Blair,1161,1539,2700
2022,9,Kurnool,472,414,886
2022,9,Kadapa,391,368,759
2022,9,Rajahmundry,343,337,680
2022,9,Ahmedabad,406,12,418
2022,9,Raipur,375,0,375
2022,9,Coimbatore,0,282,282
2022,9,Shirdi,25,0,25
2022,10,Hyderabad,27605,27081,54686
2022,10,Bengaluru,20502,20153,40655
2022,10,Delhi,19915,19939,39854
2022,10,Chennai,9439,10172,19611
2022,10,Mumbai,4633,4987,9620
2022,10,Kolkata,4035,4769,8804
2022,10,Vijayawada,2064,2034,4098
2022,10,Tirupati,1515,1904,3419
2022,10,Port Blair,1263,1252,2515
2022,10,Pune,1190,728,1918
2022,10,Kurnool,646,644,1290
2022,10,Kadapa,400,482,882
2022,10,Rajahmundry,491,359,850
2022,10,Ahmedabad,555,248,803
2022,10,Raipur,489,0,489
2022,10,Coimbatore,4,392,396
2022,10,Varanasi,2,6,8
2022,11,Hyderabad,24083,22618,46701
2022,11,Bengaluru,16887,19673,36560
2022,11,Delhi,17932,17095,35027
2022,11,Chennai,11573,12467,24040
2022,11,Mumbai,6534,7716,14250
2022,11,Kolkata,2250,2403,4653
2022,11,Vijayawada,1794,1835,3629
2022,11,Tirupati,1525,2027,3552
2022,11,Port Blair,691,977,1668
2022,11,Pune,490,622,1112
2022,11,Kurnool,448,459,907
2022,11,Ahmedabad,367,419,786
2022,11,Rajahmundry,349,340,689
2022,11,Raipur,574,0,574
2022,11,Coimbatore,234,335,569
2022,11,Kadapa,275,245,520
2022,11,Varanasi,177,165,342
2022,11,Jeypore,155,148,303
2022,11,Agartala,101,86,187
2022,11,Kochi,117,0,117
2022,11,Shirdi,0,105,105
2022,11,Ranchi,12,23,35
2022,12,Hyderabad,31333,30660,61993
2022,12,Bengaluru,31121,30363,61484
2022,12,Delhi,27751,21561,49312
2022,12,Chennai,11454,11567,23021
2022,12,Mumbai,7815,8399,16214
2022,12,Kolkata,4782,5037,9819
2022,12,Tirupati,2172,1961,4133
2022,12,Vijayawada,1801,1696,3497
2022,12,Pune,996,1078,2074
2022,12,Port Blair,736,979,1715
2022,12,Kurnool,649,651,1300
2022,12,Rajahmundry,629,622,1251
2022,12,Ahmedabad,704,429,1133
2022,12,Coimbatore,420,395,815
2022,12,Kadapa,329,448,777
2022,12,Raipur,742,0,742
2022,12,Varanasi,289,144,433
2022,12,Agartala,285,98,383
2022,12,Jeypore,119,89,208
2022,12,Kochi,187,0,187
2022,12,Shirdi,0,103,103
2022,12,Ranchi,6,23,29
2023,1,Bengaluru,33678,35019,68697
2023,1,Hyderabad,29219,28041,57260
2023,1,Delhi,23349,24650,47999
2023,1,Chennai,11230,12688,23918
2023,1,Mumbai,7647,8386,16033
2023,1,Kolkata,4655,4856,9511
2023,1,Tirupati,2009,1909,3918
2023,1,Vijayawada,1982,1900,3882
2023,1,Port Blair,899,1174,2073
2023,1,Pune,696,973,1669
2023,1,Kurnool,639,672,1311
2023,1,Rajahmundry,598,664,1262
2023,1,Ahmedabad,512,527,1039
2023,1,Cuddapah,434,515,949
2023,1,Raipur,680,0,680
2023,1,Varanasi,434,194,628
2023,1,Coimbatore,271,315,586
2023,1,Agartala,167,287,454
2023,1,Jeypore,242,201,443
2023,1,Shirdi,0,125,125
2023,1,Kochi,101,0,101
2023,1,Ranchi,11,22,33
2023,2,Hyderabad,32075,29955,62030
2023,2,Bengaluru,27343,27847,55190
2023,2,Delhi,19179,21710,40889
2023,2,Chennai,11433,11340,22773
2023,2,Mumbai,7988,9156,17144
2023,2,Kolkata,4327,4584,8911
2023,2,Tirupati,1861,1868,3729
2023,2,Vijayawada,1755,1640,3395
2023,2,Pune,905,1033,1938
2023,2,Port Blair,642,919,1561
2023,2,Rajahmundry,665,613,1278
2023,2,Ahmedabad,383,328,711
2023,2,Varanasi,360,319,679
2023,2,Kurnool,339,269,608
2023,2,Coimbatore,193,368,561
2023,2,Kadapa,231,244,475
2023,2,Jeypore,206,197,403
2023,2,Raipur,246,0,246
2023,2,Agartala,67,117,184
2023,2,Shirdi,0,127,127
2023,2,Kochi,46,0,46
2023,2,Ranchi,18,13,31
2023,3,Hyderabad,40196,37999,78195
2023,3,Bengaluru,32134,31602,63736
2023,3,Delhi,21145,21770,42915
2023,3,Chennai,11120,10183,21303
2023,3,Mumbai,9195,10100,19295
2023,3,Kolkata,4844,5001,9845
2023,3,Tirupati,1992,2076,4068
2023,3,Vijayawada,1932,1910,3842
2023,3,Port Blair,674,1226,1900
2023,3,Pune,877,967,1844
2023,3,Kurnool,570,560,1130
2023,3,Rajahmundry,618,482,1100
2023,3,Kadapa,369,354,723
2023,3,Varanasi,376,273,649
2023,3,Ahmedabad,277,179,456
2023,3,Jeypore,218,181,399
2023,3,Coimbatore,140,187,327
2023,3,"Mopa, Goa",140,187,327
2023,3,Agartala,51,107,158
2023,3,Shirdi,0,64,64
2023,3,Ranchi,9,21,30
2023,3,Kochi,14,0,14
2023,4,Hyderabad,37851,35750,73601
2023,4,Bengaluru,36445,34241,70686
2023,4,Delhi,18800,19265,38065
2023,4,Chennai,11507,12273,23780
2023,4,Mumbai,10816,11171,21987
2023,4,Kolkata,4299,5080,9379
2023,4,Vijayawada,2023,1861,3884
2023,4,Tirupati,1711,1914,3625
2023,4,"Mopa, Goa",1435,1612,3047
2023,4,Port Blair,1329,1202,2531
2023,4,Pune,1181,1023,2204
2023,4,Kurnool,494,445,939
2023,4,Rajahmundry,409,407,816
2023,4,Kadapa,311,280,591
2023,4,Jeypore,223,212,435
2023,4,Coimbatore,225,180,405
2023,4,Varanasi,172,185,357
2023,4,Shirdi,0,55,55
2023,4,Ranchi,1,37,38
2023,4,Kochi,26,0,26
2023,5,Hyderabad,40951,42873,83824
2023,5,Bengaluru,36262,39680,75942
2023,5,Delhi,25823,24534,50357
2023,5,Mumbai,15898,15426,31324
2023,5,Chennai,9246,9588,18834
2023,5,Kolkata,5243,5042,10285
2023,5,Vijayawada,2065,2145,4210
2023,5,Tirupati,1908,2196,4104
2023,5,Pune,1849,1799,3648
2023,5,"Mopa, Goa",1782,1735,3517
2023,5,Port Blair,705,1526,2231
2023,5,Kurnool,743,762,1505
2023,5,Kadapa,499,426,925
2023,5,Varanasi,175,159,334
2023,5,Jeypore,175,157,332
2023,5,Coimbatore,58,0,58
2023,5,Shirdi,0,37,37
2023,5,Ranchi,6,7,13
2023,6,Hyderabad,37403,39233,76636
2023,6,Bengaluru,27496,27617,55113
2023,6,Delhi,24303,22920,47223
2023,6,Mumbai,10834,10836,21670
2023,6,Chennai,8977,8073,17050
2023,6,Kolkata,5081,5178,10259
2023,6,Tirupati,1991,2156,4147
2023,6,Vijayawada,2150,1958,4108
2023,6,Port Blair,1065,2862,3927
2023,6,Goa,1936,1919,3855
2023,6,Pune,1585,1600,3185
2023,6,Kurnool,706,664,1370
2023,6,Cuddapah,304,353,657
2023,6,Jeypore,162,383,545
2023,6,Varanasi,238,163,401
2023,6,Coimbatore,244,0,244
2023,6,Ranchi,9,32,41
2023,7,Hyderabad,33527,36308,69835
2023,7,Bengaluru,23011,23033,46044
2023,7,Delhi,21671,21779,43450
2023,7,Chennai,10424,12501,22925
2023,7,Mumbai,10100,10862,20962
2023,7,Kolkata,2141,2065,4206
2023,7,Tirupati,1885,2136,4021
2023,7,Vijayawada,1966,1844,3810
2023,7,Pune,1423,1494,2917
2023,7,Port Blair,1076,1386,2462
2023,7,Kurnool,649,606,1255
2023,7,Cuddapah,311,305,616
2023,7,Varanasi,298,96,394
2023,7,Coimbatore,174,170,344
2023,7,Jeypore,95,70,165
2023,7,Ranchi,16,26,42
2023,8,Hyderabad,39534,42219,81753
2023,8,Bengaluru,24654,23546,48200
2023,8,Delhi,19260,19603,38863
2023,8,Chennai,10968,11415,22383
2023,8,Mumbai,10486,10811,21297
2023,8,Kolkata,3309,3325,6634
2023,8,Tirupati,1973,2152,4125
2023,8,Vijayawada,1969,1739,3708
2023,8,Pune,1947,1742,3689
2023,8,Port Blair,1221,1431,2652
2023,8,Goa,892,885,1777
2023,8,Kurnool,664,639,1303
2023,8,Cuddapah,340,349,689
2023,8,Varanasi,263,211,474
2023,8,Coimbatore,203,124,327
2023,8,Jeypore,125,116,241
2023,8,Ranchi,9,23,32
2023,8,Madurai,13,0,13
2023,9,Hyderabad,33409,36610,70019
2023,9,Bengaluru,20844,21566,42410
2023,9,Delhi,18289,19045,37334
2023,9,Chennai,11707,11930,23637
2023,9,Mumbai,9329,10213,19542
2023,9,Kolkata,3835,3670,7505
2023,9,Pune,1827,1999,3826
2023,9,Vijayawada,1824,1796,3620
2023,9,Goa,1591,1962,3553
2023,9,Tirupati,1524,1765,3289
2023,9,Port Blair,1082,1176,2258
2023,9,Kurnool,666,594,1260
2023,9,Varanasi,242,378,620
2023,9,Cuddapah,228,288,516
2023,9,Coimbatore,189,170,359
2023,9,Jeypore,171,142,313
2023,9,Madurai,53,0,53
2023,9,Ranchi,1,2,3
2023,10,Hyderabad,33261,34743,68004
2023,10,Bengaluru,24555,22661,47216
2023,10,Delhi,19361,19902,39263
2023,10,Chennai,13072,12230,25302
2023,10,Mumbai,10512,10478,20990
2023,10,Kolkata,4117,4914,9031
2023,10,Pune,2448,2509,4957
2023,10,Goa,2217,2206,4423
2023,10,Tirupati,1872,1937,3809
2023,10,Vijayawada,1924,1808,3732
2023,10,Port Blair,942,1140,2082
2023,10,Kurnool,871,868,1739
2023,10,Varanasi,560,443,1003
2023,10,Coimbatore,418,294,712
2023,10,Cuddapah,359,320,679
2023,10,Jeypore,213,189,402
2023,10,Ahmedabad,46,62,108
2023,10,Madurai,37,0,37
2023,11,Hyderabad,28974,29914,58888
2023,11,Bengaluru,20134,20004,40138
2023,11,Delhi,17979,17940,35919
2023,11,Chennai,12764,12312,25076
2023,11,Mumbai,9143,8824,17967
2023,11,Kolkata,4328,4814,9142
2023,11,Goa,1835,1872,3707
2023,11,Tirupati,1734,1972,3706
2023,11,Vijayawada,1825,1635,3460
2023,11,Port Blair,1025,1186,2211
2023,11,Pune,904,1018,1922
2023,11,Kurnool,774,705,1479
2023,11,Varanasi,600,343,943
2023,11,Ahmedabad,298,447,745
2023,11,Cuddapah,323,328,651
2023,11,Coimbatore,0,545,545
2023,11,Jeypore,222,194,416
2023,12,Hyderabad,30476,29795,60271
2023,12,Bengaluru,20342,19488,39830
2023,12,Delhi,18464,17944,36408
2023,12,Chennai,13705,12935,26640
2023,12,Mumbai,9593,9725,19318
2023,12,Kolkata,4733,4762,9495
2023,12,Pune,2013,1922,3935
2023,12,Goa,1768,2127,3895
2023,12,Vijayawada,1895,1536,3431
2023,12,Tirupati,1546,1748,3294
2023,12,Port Blair,1301,1281,2582
2023,12,Kurnool,717,549,1266
2023,12,Ahmedabad,431,726,1157
2023,12,Cuddapah,374,319,693
2023,12,Coimbatore,0,670,670
2023,12,Varanasi,374,233,607
2023,12,Jeypore,216,207,423
2024,1,Hyderabad,28579,29641,58220
2024,1,Bengaluru,19905,20830,40735
2024,1,Delhi,15973,16468,32441
2024,1,Mumbai,9418,9749,19167
2024,1,Chennai,9018,9779,18797
2024,1,Kolkata,4637,4887,9524
2024,1,Pune,2158,2332,4490
2024,1,Vijayawada,1904,1584,3488
2024,1,Tirupati,1467,1859,3326
2024,1,Goa,1145,1152,2297
2024,1,Port Blair,1108,803,1911
2024,1,Kurnool,778,758,1536
2024,1,Cuddapah,439,426,865
2024,1,Ahmedabad,354,317,671
2024,1,Coimbatore,0,526,526
2024,1,Jeypore,219,194,413
2024,1,Varanasi,276,52,328
2024,2,Hyderabad,29992,29359,59351
2024,2,Bengaluru,19592,19476,39068
2024,2,Delhi,16634,17573,34207
2024,2,Mumbai,8830,8567,17397
2024,2,Chennai,8686,8232,16918
2024,2,Kolkata,3719,4263,7982
2024,2,Pune,1911,1801,3712
2024,2,Vijayawada,1751,1564,3315
2024,2,Tirupati,1705,1581,3286
2024,2,Port Blair,1102,774,1876
2024,2,Kurnool,626,580,1206
2024,2,Varanasi,510,376,886
2024,2,Ahmedabad,398,413,811
2024,2,Cuddapah,411,280,691
2024,2,Coimbatore,0,645,645
2024,2,Jeypore,206,144,350
2024,3,Hyderabad,32869,32744,65613
2024,3,Bengaluru,24734,24073,48807
2024,3,Delhi,18073,17974,36047
2024,3,Mumbai,9416,9662,19078
2024,3,Chennai,9298,7998,17296
2024,3,Kolkata,4224,4623,8847
2024,3,Tirupati,1934,1844,3778
2024,3,Pune,1710,1620,3330
2024,3,Vijayawada,1681,1621,3302
2024,3,Port Blair,1300,630,1930
2024,3,Varanasi,610,335,945
2024,3,Kurnool,390,386,776
2024,3,Ahmedabad,248,480,728
2024,3,Cuddapah,324,334,658
2024,3,Coimbatore,0,644,644
2024,3,Jeypore,212,151,363
2024,4,Hyderabad,30617,29538,60155
2024,4,Bengaluru,25093,25045,50138
2024,4,Delhi,17436,19731,37167
2024,4,Chennai,9421,10298,19719
2024,4,Mumbai,8712,8915,17627
2024,4,Kolkata,5131,6080,11211
2024,4,Pune,1509,1971,3480
2024,4,Port Blair,2038,1398,3436
2024,4,Tirupati,1539,1536,3075
2024,4,Vijayawada,1621,1420,3041
2024,4,Cuddapah,413,358,771
2024,4,Kurnool,318,383,701
2024,4,Ahmedabad,334,358,692
2024,4,Coimbatore,0,463,463
2024,4,Jeypore,160,138,298
2024,6,Hyderabad,35257,32857,68114
2024,6,Bengaluru,22760,22399,45159
2024,6,Delhi,22549,20143,42692
2024,6,Chennai,11028,10300,21328
2024,6,Mumbai,9335,8544,17879
2024,6,Kolkata,5127,4993,10120
2024,6,Vijayawada,1593,1748,3341
2024,6,Pune,1543,1701,3244
2024,6,Tirupati,1513,1535,3048
2024,6,Port Blair,1354,1343,2697
2024,6,Ahmedabad,465,471,936
2024,6,Kurnool,400,382,782
2024,6,Cuddapah,425,299,724
2024,6,Coimbatore,0,639,639
2024,6,Jeypore,96,82,178
2024,7,Hyderabad,32703,30831,63534
2024,7,Bengaluru,20389,22973,43362
2024,7,Delhi,21833,20815,42648
2024,7,Chennai,9143,11819,20962
2024,7,Mumbai,8697,8569,17266
2024,7,Kolkata,7201,5768,12969
2024,7,Tirupati,1808,1897,3705
2024,7,Pune,1620,1736,3356
2024,7,Vijayawada,1495,1582,3077
2024,7,Port Blair,1199,1530,2729
2024,7,Cuddapah,364,357,721
2024,7,Kurnool,293,334,627
2024,7,Ahmedabad,254,364,618
2024,7,Coimbatore,0,590,590
2024,7,Jeypore,39,34,73
2024,8,Hyderabad,35978,35581,71559
2024,8,Bengaluru,24213,26134,50347
2024,8,Delhi,22215,23129,45344
2024,8,Chennai,11300,12858,24158
2024,8,Mumbai,9291,9542,18833
2024,8,Kolkata,9099,7245,16344
2024,8,Tirupati,1936,1996,3932
2024,8,Pune,1715,1677,3392
2024,8,Vijayawada,1673,1681,3354
2024,8,Port Blair,1528,1583,3111
2024,8,Cuddapah,455,361,816
2024,8,Kurnool,359,374,733
2024,8,Ahmedabad,247,388,635
2024,8,Coimbatore,0,444,444
2024,8,Jeypore,110,73,183
2024,8,Agartala,5,0,5
2024,9,Hyderabad,33777,33258,67035
2024,9,Delhi,20494,22470,42964
2024,9,Bengaluru,21277,21201,42478
2024,9,Chennai,10783,10660,21443
2024,9,Mumbai,8732,8932,17664
2024,9,Kolkata,5722,6476,12198
2024,9,Tirupati,1905,1835,3740
2024,9,Vijayawada,1422,1338,2760
2024,9,Pune,1305,1252,2557
2024,9,Port Blair,1289,1240,2529
2024,9,Ahmedabad,345,640,985
2024,9,Kurnool,268,281,549
2024,9,Cuddapah,272,259,531
2024,9,Jeypore,145,95,240
2024,9,Coimbatore,0,215,215
2024,10,Hyderabad,44927,39766,84693
2024,10,Bengaluru,25886,22605,48491
2024,10,Delhi,23116,23048,46164
2024,10,Chennai,13258,10849,24107
2024,10,Mumbai,10399,9057,19456
2024,10,Kolkata,7740,9428,17168
2024,10,Vijayawada,2272,1724,3996
2024,10,Tirupati,1939,1700,3639
2024,10,Pune,1814,1479,3293
2024,10,Port Blair,1520,1657,3177
2024,10,Ahmedabad,365,837,1202
2024,10,Kurnool,465,460,925
2024,10,Cuddapah,298,338,636
2024,10,Coimbatore,0,310,310
2024,10,Varanasi,117,46,163
2024,10,Jeypore,58,76,134
2024,11,Hyderabad,40491,43074,83565
2024,11,Delhi,22674,21115,43789
2024,11,Bengaluru,16830,17878,34708
2024,11,Chennai,11224,12442,23666
2024,11,Mumbai,10217,11031,21248
2024,11,Kolkata,8871,8202,17073
2024,11,Vijayawada,5031,5055,10086
2024,11,Tirupati,1525,1884,3409
2024,11,Port Blair,1383,1310,2693
2024,11,Ahmedabad,322,771,1093
2024,11,Kurnool,394,386,780
2024,11,Varanasi,626,129,755
2024,11,Jeypore,185,143,328
2024,12,Hyderabad,46339,44677,91016
2024,12,Delhi,25144,19573,44717
2024,12,Bengaluru,20732,20268,41000
2024,12,Chennai,14579,13791,28370
2024,12,Mumbai,11419,11170,22589
2024,12,Kolkata,8424,8249,16673
2024,12,Vijayawada,6774,5961,12735
2024,12,Tirupati,2097,2166,4263
2024,12,Port Blair,1615,1408,3023
2024,12,Ahmedabad,489,1065,1554
2024,12,Kurnool,298,311,609
2024,12,Jeypore,141,131,272
2024,12,Varanasi,237,16,253
2024,12,Bhubaneswar,219,0,219
2025,1,Hyderabad,47150,46798,93948
2025,1,Delhi,21264,22075,43339
2025,1,Bengaluru,19458,20777,40235
2025,1,Chennai,12216,13754,25970
2025,1,Mumbai,10847,10716,21563
2025,1,Kolkata,7938,8196,16134
2025,1,Vijayawada,6255,5986,12241
2025,1,Tirupati,2002,2125,4127
2025,1,Port Blair,1033,858,1891
2025,1,Kurnool,357,281,638
2025,1,Jeypore,199,138,337
2025,2,Hyderabad,43377,41827,85204
2025,2,Delhi,20077,22792,42869
2025,2,Bengaluru,17975,17358,35333
2025,2,Chennai,12761,12233,24994
2025,2,Mumbai,10185,9960,20145
2025,2,Kolkata,7853,9042,16895
2025,2,Vijayawada,5510,5304,10814
2025,2,Tirupati,1124,1208,2332
2025,2,Port Blair,762,505,1267
2025,2,Kurnool,227,214,441
2025,2,Jeypore,152,149,301
2025,3,Hyderabad,45010,42888,87898
2025,3,Delhi,20424,20136,40560
2025,3,Bengaluru,20386,19948,40334
2025,3,Chennai,13222,12130,25352
2025,3,Mumbai,9559,9393,18952
2025,3,Kolkata,6984,8215,15199
2025,3,Vijayawada,6011,5003,11014
2025,3,Tirupati,1891,1951,3842
2025,3,Port Blair,1355,1568,2923
2025,3,Ahmedabad,581,809,1390
2025,3,Kurnool,366,315,681
2025,3,Jeypore,179,145,324
2025,3,Raipur,29,56,85
2025,3,Varanasi,33,44,77
2025,3,Coimbatore,7,5,12
2025,3,Indore,1,5,6
2025,4,Hyderabad,43849,42645,86494
2025,4,Bengaluru,21390,20349,41739
2025,4,Delhi,18586,19824,38410
2025,4,Chennai,13402,12515,25917
2025,4,Mumbai,8768,8842,17610
2025,4,Kolkata,4234,4699,8933
2025,4,Vijayawada,3737,2634,6371
2025,4,Tirupati,1878,1737,3615
2025,4,Port Blair,1078,1009,2087
2025,4,Raipur,923,997,1920
2025,4,Varanasi,787,722,1509
2025,4,Ahmedabad,614,674,1288
2025,4,Kurnool,367,328,695
2025,4,Coimbatore,132,248,380
2025,4,Jeypore,182,170,352
2025,4,Indore,89,95,184
2025,5,Hyderabad,46623,44849,91472
2025,5,Bengaluru,22817,24342,47159
2025,5,Delhi,22819,21801,44620
2025,5,Chennai,15168,15689,30857
2025,5,Mumbai,9203,9329,18532
2025,5,Kolkata,4667,4441,9108
2025,5,Vijayawada,3796,2691,6487
2025,5,Tirupati,1850,1995,3845
2025,5,Port Blair,1652,1575,3227
2025,5,Varanasi,968,881,1849
2025,5,Raipur,706,986,1692
2025,5,Ahmedabad,301,971,1272
2025,5,Kurnool,452,437,889
2025,5,Coimbatore,151,398,549
2025,5,Jeypore,112,108,220
2025,5,Indore,51,97,148
2025,5,Rajahmundry,123,0,123
2025,6,Hyderabad,42019,41838,83857
2025,6,Bengaluru,20089,21735,41824
2025,6,Delhi,19609,18394,38003
2025,6,Chennai,13438,13574,27012
2025,6,Mumbai,8968,8616,17584
2025,6,Kolkata,5868,4092,9960
2025,6,Vijayawada,4340,2727,7067
2025,6,Tirupati,1596,1762,3358
2025,6,Port Blair,1406,1832,3238
2025,6,Bhubaneswar,1294,930,2224
2025,6,Raipur,838,1073,1911
2025,6,Varanasi,729,866,1595
2025,6,Ahmedabad,471,803,1274
2025,6,Kurnool,378,337,715
2025,6,Coimbatore,160,233,393
2025,6,Jeypore,140,105,245
2025,6,Indore,55,79,134
2025,7,Hyderabad,41340,40737,82077
2025,7,Bengaluru,19572,20517,40089
2025,7,Delhi,17939,17280,35219
2025,7,Chennai,10404,11490,21894
2025,7,Mumbai,4784,4980,9764
2025,7,Kolkata,5283,3833,9116
2025,7,Vijayawada,3762,2534,6296
2025,7,Tirupati,1602,1939,3541
2025,7,Bhubaneswar,1999,1164,3163
2025,7,Raipur,811,910,1721
2025,7,Varanasi,334,509,843
2025,7,Port Blair,396,289,685
2025,7,Kurnool,349,268,617
2025,7,Indore,70,168,238
2025,7,Jeypore,92,87,179
2025,8,Hyderabad,42375,42872,85247
2025,8,Bengaluru,21593,23022,44615
2025,8,Delhi,20529,20981,41510
2025,8,Chennai,10858,11311,22169
2025,8,Mumbai,9077,9314,18391
2025,8,Kolkata,4876,3837,8713
2025,8,Vijayawada,4640,3154,7794
2025,8,Tirupati,1750,2012,3762
2025,8,Bhubaneswar,1451,1546,2997
2025,8,Port Blair,1478,1519,2997
2025,8,Raipur,913,965,1878
2025,8,Varanasi,316,463,779
2025,8,Kurnool,324,325,649
2025,8,Indore,115,168,283
2025,8,Jeypore,86,60,146
2025,9,Hyderabad,40085,38004,78089
2025,9,Delhi,18499,19459,37958
2025,9,Bengaluru,18212,17918,36130
2025,9,Chennai,11126,9831,20957
2025,9,Mumbai,9274,9357,18631
2025,9,Kolkata,4246,5070,9316
2025,9,Vijayawada,4955,2422,7377
2025,9,Bhubaneswar,1803,2350,4153
2025,9,Tirupati,1595,1570,3165
2025,9,Port Blair,1239,1423,2662
2025,9,Raipur,846,932,1778
2025,9,Varanasi,321,486,807
2025,9,Kurnool,205,267,472
2025,9,Ahmedabad,126,220,346
2025,9,Jeypore,114,119,233
2025,9,Indore,88,142,230
2025,9,Coimbatore,23,128,151
2025,10,Hyderabad,41543,40638,82181
2025,10,Bengaluru,23113,21816,44929
2025,10,Delhi,19528,19897,39425
2025,10,Chennai,12160,11496,23656
2025,10,Mumbai,9272,8301,17573
2025,10,Kolkata,5670,6639,12309
2025,10,Vijayawada,5227,3655,8882
2025,10,Bhubaneswar,2566,3630,6196
2025,10,Port Blair,2304,2137,4441
2025,10,Tirupati,1955,2106,4061
2025,10,Raipur,1285,1341,2626
2025,10,Varanasi,545,582,1127
2025,10,Ahmedabad,360,556,916
2025,10,Kurnool,306,271,577
2025,10,Coimbatore,103,243,346
2025,10,Indore,174,155,329
2025,10,Jeypore,69,36,105
2025,11,Hyderabad,45648,45076,90724
2025,11,Bengaluru,22527,22410,44937
2025,11,Delhi,21934,20836,42770
2025,11,Chennai,16342,17525,33867
2025,11,Mumbai,6234,6491,12725
2025,11,Vijayawada,6422,5109,11531
2025,11,Kolkata,5004,4509,9513
2025,11,Port Blair,2378,2468,4846
2025,11,Tirupati,2028,2150,4178
2025,11,Bhubaneswar,1698,2002,3700
2025,11,Raipur,1551,1675,3226
2025,11,Varanasi,329,485,814
2025,11,Ahmedabad,332,473,805
2025,11,Kurnool,373,345,718
2025,11,Indore,197,230,427
2025,11,Jeypore,151,150,301
2025,12,Hyderabad,38313,35747,74060
2025,12,Delhi,21163,19203,40366
2025,12,Bengaluru,19792,19104,38896
2025,12,Chennai,15631,14860,30491
2025,12,Mumbai,6396,5748,12144
2025,12,Vijayawada,6353,4700,11053
2025,12,Kolkata,4552,4627,9179
2025,12,Port Blair,2327,2425,4752
2025,12,Bhubaneswar,2195,2179,4374
2025,12,Tirupati,1990,2080,4070
2025,12,Raipur,1778,1914,3692
2025,12,Varanasi,442,291,733
2025,12,Kurnool,245,226,471
2025,12,Indore,186,177,363
2025,12,Jeypore,167,149,316
2025,12,Ahmedabad,125,190,315
2025,12,Trivandrum,4,0,4
