test_date,accuracy,rmse,mae,n_hours,touchpoint,model,year_month
2025-05-31,92.5,172.6,116.4,24,Entry,Naive-seasonal-7d,2025-05
2025-06-10,92.4,146.3,108.9,24,Entry,Naive-seasonal-7d,2025-06
2025-06-20,90.9,173.1,143.1,24,Entry,Naive-seasonal-7d,2025-06
2025-06-30,70.0,518.9,391.8,24,Entry,Naive-seasonal-7d,2025-06
2025-07-10,91.7,141.2,122.2,24,Entry,Naive-seasonal-7d,2025-07
2025-07-20,93.5,169.1,120.2,24,Entry,Naive-seasonal-7d,2025-07
2025-07-30,93.2,124.7,92.2,24,Entry,Naive-seasonal-7d,2025-07
2025-08-09,63.9,729.5,658.8,24,Entry,Naive-seasonal-7d,2025-08
2025-08-19,78.0,452.9,348.9,24,Entry,Naive-seasonal-7d,2025-08
2025-08-29,88.5,250.3,210.6,24,Entry,Naive-seasonal-7d,2025-08
2025-09-08,85.0,290.9,256.9,24,Entry,Naive-seasonal-7d,2025-09
2025-09-18,92.6,156.1,119.5,24,Entry,Naive-seasonal-7d,2025-09
2025-09-28,94.9,123.5,93.6,24,Entry,Naive-seasonal-7d,2025-09
2025-10-08,90.5,187.0,144.0,24,Entry,Naive-seasonal-7d,2025-10
2025-10-18,74.0,486.3,414.2,24,Entry,Naive-seasonal-7d,2025-10
2025-10-28,76.3,422.5,355.8,24,Entry,Naive-seasonal-7d,2025-10
2025-11-07,92.1,165.1,135.4,24,Entry,Naive-seasonal-7d,2025-11
2025-11-17,93.2,131.1,104.6,24,Entry,Naive-seasonal-7d,2025-11
2025-11-27,90.8,206.6,173.0,24,Entry,Naive-seasonal-7d,2025-11
2025-12-07,73.5,550.1,496.2,24,Entry,Naive-seasonal-7d,2025-12
2025-12-17,89.3,225.4,177.8,24,Entry,Naive-seasonal-7d,2025-12
2025-12-27,90.3,200.3,170.1,24,Entry,Naive-seasonal-7d,2025-12
2026-01-06,92.0,179.5,132.4,24,Entry,Naive-seasonal-7d,2026-01
2026-01-16,82.7,425.8,358.8,24,Entry,Naive-seasonal-7d,2026-01
2026-01-26,90.1,282.9,209.3,24,Entry,Naive-seasonal-7d,2026-01
2025-05-31,92.3,170.4,118.2,24,Entry,RandomForest [Naveen],2025-05
2025-06-10,93.8,123.3,96.1,24,Entry,RandomForest [Naveen],2025-06
2025-06-20,92.8,147.9,119.2,24,Entry,RandomForest [Naveen],2025-06
2025-06-30,71.1,504.4,382.9,24,Entry,RandomForest [Naveen],2025-06
2025-07-10,92.5,133.8,111.0,24,Entry,RandomForest [Naveen],2025-07
2025-07-20,94.6,144.3,101.1,24,Entry,RandomForest [Naveen],2025-07
2025-07-30,93.1,135.3,92.1,24,Entry,RandomForest [Naveen],2025-07
2025-08-09,55.4,868.0,784.2,24,Entry,RandomForest [Naveen],2025-08
2025-08-19,75.4,514.9,393.7,24,Entry,RandomForest [Naveen],2025-08
2025-08-29,87.7,315.6,219.8,24,Entry,RandomForest [Naveen],2025-08
2025-09-08,86.4,268.7,232.5,24,Entry,RandomForest [Naveen],2025-09
2025-09-18,93.7,142.0,109.3,24,Entry,RandomForest [Naveen],2025-09
2025-09-28,93.7,152.7,118.3,24,Entry,RandomForest [Naveen],2025-09
2025-10-08,93.0,136.8,104.2,24,Entry,RandomForest [Naveen],2025-10
2025-10-18,82.7,324.8,259.4,24,Entry,RandomForest [Naveen],2025-10
2025-10-28,83.8,338.0,242.0,24,Entry,RandomForest [Naveen],2025-10
2025-11-07,92.7,151.1,126.0,24,Entry,RandomForest [Naveen],2025-11
2025-11-17,93.5,130.9,103.8,24,Entry,RandomForest [Naveen],2025-11
2025-11-27,91.5,195.8,160.0,24,Entry,RandomForest [Naveen],2025-11
2025-12-07,87.0,234.2,191.5,24,Entry,RandomForest [Naveen],2025-12
2025-12-17,92.5,154.3,124.7,24,Entry,RandomForest [Naveen],2025-12
2025-12-27,91.9,159.9,132.8,24,Entry,RandomForest [Naveen],2025-12
2026-01-06,88.5,211.1,173.5,24,Entry,RandomForest [Naveen],2026-01
2026-01-16,84.1,365.1,316.1,24,Entry,RandomForest [Naveen],2026-01
2026-01-26,86.0,420.8,271.5,24,Entry,RandomForest [Naveen],2026-01
2025-05-31,91.4,182.1,131.2,24,Entry,ExtraTrees,2025-05
2025-06-10,94.1,112.6,91.2,24,Entry,ExtraTrees,2025-06
2025-06-20,91.8,168.3,135.7,24,Entry,ExtraTrees,2025-06
2025-06-30,70.0,518.9,391.8,24,Entry,ExtraTrees,2025-06
2025-07-10,93.4,126.4,102.9,24,Entry,ExtraTrees,2025-07
2025-07-20,93.9,158.9,114.2,24,Entry,ExtraTrees,2025-07
2025-07-30,92.9,139.1,94.8,24,Entry,ExtraTrees,2025-07
2025-08-09,45.1,1004.5,949.9,24,Entry,ExtraTrees,2025-08
2025-08-19,77.4,502.4,376.9,24,Entry,ExtraTrees,2025-08
2025-08-29,90.4,211.4,163.6,24,Entry,ExtraTrees,2025-08
2025-09-08,85.0,290.9,256.9,24,Entry,ExtraTrees,2025-09
2025-09-18,93.9,126.7,100.6,24,Entry,ExtraTrees,2025-09
2025-09-28,93.9,156.6,121.2,24,Entry,ExtraTrees,2025-09
2025-10-08,92.6,155.6,116.7,24,Entry,ExtraTrees,2025-10
2025-10-18,77.2,426.5,355.8,24,Entry,ExtraTrees,2025-10
2025-10-28,83.9,335.3,233.1,24,Entry,ExtraTrees,2025-10
2025-11-07,92.4,163.7,130.5,24,Entry,ExtraTrees,2025-11
2025-11-17,93.2,131.1,104.6,24,Entry,ExtraTrees,2025-11
2025-11-27,91.6,185.8,156.3,24,Entry,ExtraTrees,2025-11
2025-12-07,85.0,261.6,223.4,24,Entry,ExtraTrees,2025-12
2025-12-17,91.5,175.4,143.4,24,Entry,ExtraTrees,2025-12
2025-12-27,91.3,170.3,145.0,24,Entry,ExtraTrees,2025-12
2026-01-06,88.3,220.6,183.7,24,Entry,ExtraTrees,2026-01
2026-01-16,83.3,381.1,332.2,24,Entry,ExtraTrees,2026-01
2026-01-26,81.3,436.5,351.0,24,Entry,ExtraTrees,2026-01
2025-05-31,90.7,199.7,149.7,24,Entry,HistGradientBoosting,2025-05
2025-06-10,94.1,124.6,98.3,24,Entry,HistGradientBoosting,2025-06
2025-06-20,90.3,174.2,150.9,24,Entry,HistGradientBoosting,2025-06
2025-06-30,71.6,502.4,383.2,24,Entry,HistGradientBoosting,2025-06
2025-07-10,93.3,125.8,103.2,24,Entry,HistGradientBoosting,2025-07
2025-07-20,94.6,146.9,102.6,24,Entry,HistGradientBoosting,2025-07
2025-07-30,93.5,141.5,90.7,24,Entry,HistGradientBoosting,2025-07
2025-08-09,30.6,1177.4,1154.9,24,Entry,HistGradientBoosting,2025-08
2025-08-19,78.8,495.2,368.3,24,Entry,HistGradientBoosting,2025-08
2025-08-29,89.3,199.5,157.5,24,Entry,HistGradientBoosting,2025-08
2025-09-08,88.4,241.4,203.6,24,Entry,HistGradientBoosting,2025-09
2025-09-18,93.8,129.9,104.2,24,Entry,HistGradientBoosting,2025-09
2025-09-28,92.3,162.0,133.6,24,Entry,HistGradientBoosting,2025-09
2025-10-08,92.7,150.0,112.8,24,Entry,HistGradientBoosting,2025-10
2025-10-18,86.3,210.5,178.4,24,Entry,HistGradientBoosting,2025-10
2025-10-28,84.8,319.3,232.4,24,Entry,HistGradientBoosting,2025-10
2025-11-07,91.7,170.4,140.1,24,Entry,HistGradientBoosting,2025-11
2025-11-17,94.2,113.6,90.8,24,Entry,HistGradientBoosting,2025-11
2025-11-27,91.5,188.5,162.0,24,Entry,HistGradientBoosting,2025-11
2025-12-07,89.5,205.7,155.4,24,Entry,HistGradientBoosting,2025-12
2025-12-17,92.9,154.2,123.3,24,Entry,HistGradientBoosting,2025-12
2025-12-27,92.0,176.3,134.9,24,Entry,HistGradientBoosting,2025-12
2026-01-06,88.0,239.4,194.6,24,Entry,HistGradientBoosting,2026-01
2026-01-16,83.2,351.5,314.9,24,Entry,HistGradientBoosting,2026-01
2026-01-26,82.9,401.8,323.0,24,Entry,HistGradientBoosting,2026-01
2025-05-31,91.1,188.3,139.1,24,Entry,LightGBM,2025-05
2025-06-10,94.7,112.9,88.8,24,Entry,LightGBM,2025-06
2025-06-20,90.8,172.2,147.2,24,Entry,LightGBM,2025-06
2025-06-30,71.2,509.1,388.5,24,Entry,LightGBM,2025-06
2025-07-10,93.3,128.3,104.0,24,Entry,LightGBM,2025-07
2025-07-20,94.5,147.0,104.0,24,Entry,LightGBM,2025-07
2025-07-30,93.8,145.0,87.5,24,Entry,LightGBM,2025-07
2025-08-09,33.1,1132.4,1111.2,24,Entry,LightGBM,2025-08
2025-08-19,78.8,491.2,364.9,24,Entry,LightGBM,2025-08
2025-08-29,89.8,187.4,151.6,24,Entry,LightGBM,2025-08
2025-09-08,87.2,252.2,221.3,24,Entry,LightGBM,2025-09
2025-09-18,93.9,123.4,100.1,24,Entry,LightGBM,2025-09
2025-09-28,91.8,170.0,145.9,24,Entry,LightGBM,2025-09
2025-10-08,92.6,146.7,112.8,24,Entry,LightGBM,2025-10
2025-10-18,85.2,205.1,181.6,24,Entry,LightGBM,2025-10
2025-10-28,85.0,311.4,227.7,24,Entry,LightGBM,2025-10
2025-11-07,91.7,169.2,144.2,24,Entry,LightGBM,2025-11
2025-11-17,94.2,115.6,92.2,24,Entry,LightGBM,2025-11
2025-11-27,92.4,163.3,138.6,24,Entry,LightGBM,2025-11
2025-12-07,89.7,190.3,148.6,24,Entry,LightGBM,2025-12
2025-12-17,93.4,137.5,110.3,24,Entry,LightGBM,2025-12
2025-12-27,92.2,174.4,131.2,24,Entry,LightGBM,2025-12
2026-01-06,87.7,238.5,195.5,24,Entry,LightGBM,2026-01
2026-01-16,82.0,380.6,343.7,24,Entry,LightGBM,2026-01
2026-01-26,82.6,390.8,320.4,24,Entry,LightGBM,2026-01
2025-05-31,90.8,189.2,142.7,24,Entry,XGBoost,2025-05
2025-06-10,93.2,127.0,106.5,24,Entry,XGBoost,2025-06
2025-06-20,90.5,198.4,161.5,24,Entry,XGBoost,2025-06
2025-06-30,70.4,505.0,385.6,24,Entry,XGBoost,2025-06
2025-07-10,94.2,110.7,86.5,24,Entry,XGBoost,2025-07
2025-07-20,94.7,149.1,101.1,24,Entry,XGBoost,2025-07
2025-07-30,92.7,155.1,99.5,24,Entry,XGBoost,2025-07
2025-08-09,35.5,1195.0,1124.7,24,Entry,XGBoost,2025-08
2025-08-19,76.0,497.9,374.7,24,Entry,XGBoost,2025-08
2025-08-29,89.9,255.3,173.4,24,Entry,XGBoost,2025-08
2025-09-08,86.6,251.3,222.8,24,Entry,XGBoost,2025-09
2025-09-18,94.3,116.1,94.6,24,Entry,XGBoost,2025-09
2025-09-28,92.2,183.7,150.1,24,Entry,XGBoost,2025-09
2025-10-08,92.0,141.0,116.3,24,Entry,XGBoost,2025-10
2025-10-18,84.9,253.1,204.4,24,Entry,XGBoost,2025-10
2025-10-28,84.6,306.5,227.2,24,Entry,XGBoost,2025-10
2025-11-07,92.1,162.0,136.9,24,Entry,XGBoost,2025-11
2025-11-17,94.8,116.5,84.3,24,Entry,XGBoost,2025-11
2025-11-27,92.0,165.2,141.8,24,Entry,XGBoost,2025-11
2025-12-07,88.1,214.8,175.0,24,Entry,XGBoost,2025-12
2025-12-17,93.5,143.5,113.8,24,Entry,XGBoost,2025-12
2025-12-27,91.7,161.5,134.3,24,Entry,XGBoost,2025-12
2026-01-06,87.6,233.2,195.2,24,Entry,XGBoost,2026-01
2026-01-16,82.4,374.0,337.6,24,Entry,XGBoost,2026-01
2026-01-26,83.8,402.1,308.2,24,Entry,XGBoost,2026-01
2025-05-31,92.2,174.1,121.3,24,Entry,Bagging(trees),2025-05
2025-06-10,93.8,124.5,96.3,24,Entry,Bagging(trees),2025-06
2025-06-20,92.6,151.9,122.8,24,Entry,Bagging(trees),2025-06
2025-06-30,70.9,506.0,386.6,24,Entry,Bagging(trees),2025-06
2025-07-10,92.6,129.6,109.3,24,Entry,Bagging(trees),2025-07
2025-07-20,94.8,140.4,97.6,24,Entry,Bagging(trees),2025-07
2025-07-30,93.2,132.8,91.7,24,Entry,Bagging(trees),2025-07
2025-08-09,55.0,886.0,797.2,24,Entry,Bagging(trees),2025-08
2025-08-19,75.3,514.7,394.2,24,Entry,Bagging(trees),2025-08
2025-08-29,87.9,310.2,216.5,24,Entry,Bagging(trees),2025-08
2025-09-08,86.7,265.2,229.2,24,Entry,Bagging(trees),2025-09
2025-09-18,93.6,141.4,110.7,24,Entry,Bagging(trees),2025-09
2025-09-28,93.8,152.1,118.2,24,Entry,Bagging(trees),2025-09
2025-10-08,93.0,140.1,105.4,24,Entry,Bagging(trees),2025-10
2025-10-18,82.3,334.9,267.2,24,Entry,Bagging(trees),2025-10
2025-10-28,83.6,341.5,247.1,24,Entry,Bagging(trees),2025-10
2025-11-07,92.6,152.7,127.1,24,Entry,Bagging(trees),2025-11
2025-11-17,93.2,134.6,108.6,24,Entry,Bagging(trees),2025-11
2025-11-27,91.6,193.9,159.4,24,Entry,Bagging(trees),2025-11
2025-12-07,86.7,242.3,197.9,24,Entry,Bagging(trees),2025-12
2025-12-17,92.3,157.7,129.0,24,Entry,Bagging(trees),2025-12
2025-12-27,92.0,157.2,131.6,24,Entry,Bagging(trees),2025-12
2026-01-06,88.3,213.0,178.3,24,Entry,Bagging(trees),2026-01
2026-01-16,84.1,365.8,316.3,24,Entry,Bagging(trees),2026-01
2026-01-26,85.9,423.4,276.9,24,Entry,Bagging(trees),2026-01
2025-05-31,89.9,100.7,80.0,24,CheckIn,Naive-seasonal-7d,2025-05
2025-06-10,87.6,113.2,90.8,24,CheckIn,Naive-seasonal-7d,2025-06
2025-06-20,87.7,117.8,98.7,24,CheckIn,Naive-seasonal-7d,2025-06
2025-06-30,85.2,120.8,90.4,24,CheckIn,Naive-seasonal-7d,2025-06
2025-07-10,87.3,104.0,89.0,24,CheckIn,Naive-seasonal-7d,2025-07
2025-07-20,90.0,114.0,87.6,24,CheckIn,Naive-seasonal-7d,2025-07
2025-07-30,91.3,85.9,66.5,24,CheckIn,Naive-seasonal-7d,2025-07
2025-08-09,88.5,106.9,93.2,24,CheckIn,Naive-seasonal-7d,2025-08
2025-08-19,73.2,266.4,193.5,24,CheckIn,Naive-seasonal-7d,2025-08
2025-08-29,91.7,82.7,61.0,24,CheckIn,Naive-seasonal-7d,2025-08
2025-09-08,90.9,88.2,68.9,24,CheckIn,Naive-seasonal-7d,2025-09
2025-09-18,89.9,94.1,69.6,24,CheckIn,Naive-seasonal-7d,2025-09
2025-09-28,86.8,133.3,114.0,24,CheckIn,Naive-seasonal-7d,2025-09
2025-10-08,86.2,148.7,103.4,24,CheckIn,Naive-seasonal-7d,2025-10
2025-10-18,90.8,84.0,68.4,24,CheckIn,Naive-seasonal-7d,2025-10
2025-10-28,83.8,143.0,112.5,24,CheckIn,Naive-seasonal-7d,2025-10
2025-11-07,79.6,170.6,143.8,24,CheckIn,Naive-seasonal-7d,2025-11
2025-11-17,75.6,199.6,177.0,24,CheckIn,Naive-seasonal-7d,2025-11
2025-11-27,83.0,163.5,135.2,24,CheckIn,Naive-seasonal-7d,2025-11
2025-12-07,85.2,136.0,115.3,24,CheckIn,Naive-seasonal-7d,2025-12
2025-12-17,88.7,96.8,78.1,24,CheckIn,Naive-seasonal-7d,2025-12
2025-12-27,85.1,159.3,127.4,24,CheckIn,Naive-seasonal-7d,2025-12
2026-01-06,89.9,101.6,79.5,24,CheckIn,Naive-seasonal-7d,2026-01
2026-01-16,81.7,181.8,158.3,24,CheckIn,Naive-seasonal-7d,2026-01
2026-01-26,87.3,137.7,108.0,24,CheckIn,Naive-seasonal-7d,2026-01
2026-02-05,91.4,75.0,61.3,24,CheckIn,Naive-seasonal-7d,2026-02
2026-02-15,86.5,132.4,109.4,24,CheckIn,Naive-seasonal-7d,2026-02
2026-02-25,92.1,85.3,59.5,24,CheckIn,Naive-seasonal-7d,2026-02
2026-03-07,88.0,150.0,97.5,24,CheckIn,Naive-seasonal-7d,2026-03
2026-03-17,86.1,121.9,96.7,24,CheckIn,Naive-seasonal-7d,2026-03
2025-05-31,90.4,103.5,76.0,24,CheckIn,RandomForest [Naveen],2025-05
2025-06-10,91.2,77.9,61.5,24,CheckIn,RandomForest [Naveen],2025-06
2025-06-20,91.6,75.4,59.9,24,CheckIn,RandomForest [Naveen],2025-06
2025-06-30,88.1,101.5,76.4,24,CheckIn,RandomForest [Naveen],2025-06
2025-07-10,90.6,85.6,65.7,24,CheckIn,RandomForest [Naveen],2025-07
2025-07-20,89.7,102.9,85.4,24,CheckIn,RandomForest [Naveen],2025-07
2025-07-30,91.1,83.3,68.5,24,CheckIn,RandomForest [Naveen],2025-07
2025-08-09,90.8,86.5,73.4,24,CheckIn,RandomForest [Naveen],2025-08
2025-08-19,70.1,298.0,223.2,24,CheckIn,RandomForest [Naveen],2025-08
2025-08-29,90.7,74.4,64.4,24,CheckIn,RandomForest [Naveen],2025-08
2025-09-08,91.7,76.7,62.9,24,CheckIn,RandomForest [Naveen],2025-09
2025-09-18,90.5,87.9,67.4,24,CheckIn,RandomForest [Naveen],2025-09
2025-09-28,91.0,108.3,85.2,24,CheckIn,RandomForest [Naveen],2025-09
2025-10-08,88.1,139.6,87.5,24,CheckIn,RandomForest [Naveen],2025-10
2025-10-18,89.5,98.7,76.0,24,CheckIn,RandomForest [Naveen],2025-10
2025-10-28,80.1,161.2,138.1,24,CheckIn,RandomForest [Naveen],2025-10
2025-11-07,77.2,176.0,159.1,24,CheckIn,RandomForest [Naveen],2025-11
2025-11-17,76.3,189.7,171.9,24,CheckIn,RandomForest [Naveen],2025-11
2025-11-27,87.7,124.2,99.1,24,CheckIn,RandomForest [Naveen],2025-11
2025-12-07,88.5,96.6,84.0,24,CheckIn,RandomForest [Naveen],2025-12
2025-12-17,90.7,83.8,67.1,24,CheckIn,RandomForest [Naveen],2025-12
2025-12-27,87.5,135.5,105.6,24,CheckIn,RandomForest [Naveen],2025-12
2026-01-06,89.4,117.0,83.3,24,CheckIn,RandomForest [Naveen],2026-01
2026-01-16,85.2,135.6,121.6,24,CheckIn,RandomForest [Naveen],2026-01
2026-01-26,89.1,119.0,93.3,24,CheckIn,RandomForest [Naveen],2026-01
2026-02-05,90.1,86.5,73.7,24,CheckIn,RandomForest [Naveen],2026-02
2026-02-15,87.8,113.3,94.9,24,CheckIn,RandomForest [Naveen],2026-02
2026-02-25,92.5,94.1,60.4,24,CheckIn,RandomForest [Naveen],2026-02
2026-03-07,89.0,113.3,82.4,24,CheckIn,RandomForest [Naveen],2026-03
2026-03-17,90.2,96.2,72.1,24,CheckIn,RandomForest [Naveen],2026-03
2025-05-31,89.6,102.5,82.7,24,CheckIn,ExtraTrees,2025-05
2025-06-10,90.5,84.9,68.6,24,CheckIn,ExtraTrees,2025-06
2025-06-20,90.3,86.4,68.7,24,CheckIn,ExtraTrees,2025-06
2025-06-30,85.2,120.8,90.4,24,CheckIn,ExtraTrees,2025-06
2025-07-10,90.6,83.3,65.7,24,CheckIn,ExtraTrees,2025-07
2025-07-20,89.1,115.9,92.7,24,CheckIn,ExtraTrees,2025-07
2025-07-30,90.0,90.2,75.6,24,CheckIn,ExtraTrees,2025-07
2025-08-09,90.3,88.2,74.8,24,CheckIn,ExtraTrees,2025-08
2025-08-19,70.7,296.9,221.5,24,CheckIn,ExtraTrees,2025-08
2025-08-29,91.7,72.9,58.5,24,CheckIn,ExtraTrees,2025-08
2025-09-08,90.9,88.2,68.9,24,CheckIn,ExtraTrees,2025-09
2025-09-18,91.0,88.1,62.1,24,CheckIn,ExtraTrees,2025-09
2025-09-28,87.5,131.4,110.3,24,CheckIn,ExtraTrees,2025-09
2025-10-08,86.8,155.3,95.5,24,CheckIn,ExtraTrees,2025-10
2025-10-18,89.9,88.7,73.1,24,CheckIn,ExtraTrees,2025-10
2025-10-28,79.6,158.2,137.0,24,CheckIn,ExtraTrees,2025-10
2025-11-07,78.1,175.6,154.6,24,CheckIn,ExtraTrees,2025-11
2025-11-17,75.6,199.1,176.7,24,CheckIn,ExtraTrees,2025-11
2025-11-27,88.0,118.3,97.4,24,CheckIn,ExtraTrees,2025-11
2025-12-07,86.8,116.3,99.4,24,CheckIn,ExtraTrees,2025-12
2025-12-17,89.1,94.0,77.4,24,CheckIn,ExtraTrees,2025-12
2025-12-27,85.6,157.8,123.8,24,CheckIn,ExtraTrees,2025-12
2026-01-06,89.5,103.4,80.0,24,CheckIn,ExtraTrees,2026-01
2026-01-16,83.9,153.2,133.3,24,CheckIn,ExtraTrees,2026-01
2026-01-26,89.1,114.0,92.2,24,CheckIn,ExtraTrees,2026-01
2026-02-05,89.3,92.4,79.0,24,CheckIn,ExtraTrees,2026-02
2026-02-15,88.2,115.0,94.5,24,CheckIn,ExtraTrees,2026-02
2026-02-25,92.5,90.0,57.4,24,CheckIn,ExtraTrees,2026-02
2026-03-07,89.5,114.9,80.0,24,CheckIn,ExtraTrees,2026-03
2026-03-17,89.3,102.4,78.4,24,CheckIn,ExtraTrees,2026-03
2025-05-31,90.7,93.5,73.7,24,CheckIn,HistGradientBoosting,2025-05
2025-06-10,90.8,82.7,65.2,24,CheckIn,HistGradientBoosting,2025-06
2025-06-20,90.8,83.7,67.5,24,CheckIn,HistGradientBoosting,2025-06
2025-06-30,89.8,91.9,70.2,24,CheckIn,HistGradientBoosting,2025-06
2025-07-10,91.9,77.2,58.0,24,CheckIn,HistGradientBoosting,2025-07
2025-07-20,90.5,96.5,78.9,24,CheckIn,HistGradientBoosting,2025-07
2025-07-30,91.3,79.5,67.0,24,CheckIn,HistGradientBoosting,2025-07
2025-08-09,92.9,63.8,55.2,24,CheckIn,HistGradientBoosting,2025-08
2025-08-19,72.9,269.4,196.3,24,CheckIn,HistGradientBoosting,2025-08
2025-08-29,89.7,80.4,71.8,24,CheckIn,HistGradientBoosting,2025-08
2025-09-08,92.6,67.6,54.3,24,CheckIn,HistGradientBoosting,2025-09
2025-09-18,89.3,103.9,78.1,24,CheckIn,HistGradientBoosting,2025-09
2025-09-28,90.7,101.4,84.0,24,CheckIn,HistGradientBoosting,2025-09
2025-10-08,89.2,117.3,76.1,24,CheckIn,HistGradientBoosting,2025-10
2025-10-18,88.5,101.8,83.5,24,CheckIn,HistGradientBoosting,2025-10
2025-10-28,78.0,179.5,153.4,24,CheckIn,HistGradientBoosting,2025-10
2025-11-07,77.3,175.6,157.1,24,CheckIn,HistGradientBoosting,2025-11
2025-11-17,77.4,185.5,166.8,24,CheckIn,HistGradientBoosting,2025-11
2025-11-27,90.2,100.3,81.5,24,CheckIn,HistGradientBoosting,2025-11
2025-12-07,88.0,103.2,85.8,24,CheckIn,HistGradientBoosting,2025-12
2025-12-17,92.6,73.7,55.6,24,CheckIn,HistGradientBoosting,2025-12
2025-12-27,87.7,121.2,97.4,24,CheckIn,HistGradientBoosting,2025-12
2026-01-06,87.9,122.0,94.8,24,CheckIn,HistGradientBoosting,2026-01
2026-01-16,85.6,130.9,114.9,24,CheckIn,HistGradientBoosting,2026-01
2026-01-26,86.7,137.7,110.4,24,CheckIn,HistGradientBoosting,2026-01
2026-02-05,91.2,80.4,62.7,24,CheckIn,HistGradientBoosting,2026-02
2026-02-15,88.2,106.2,89.4,24,CheckIn,HistGradientBoosting,2026-02
2026-02-25,92.7,94.1,60.7,24,CheckIn,HistGradientBoosting,2026-02
2026-03-07,88.7,118.1,89.5,24,CheckIn,HistGradientBoosting,2026-03
2026-03-17,91.5,76.1,59.1,24,CheckIn,HistGradientBoosting,2026-03
2025-05-31,90.9,91.6,72.0,24,CheckIn,LightGBM,2025-05
2025-06-10,91.1,82.0,63.3,24,CheckIn,LightGBM,2025-06
2025-06-20,91.1,80.7,65.8,24,CheckIn,LightGBM,2025-06
2025-06-30,89.3,95.6,73.6,24,CheckIn,LightGBM,2025-06
2025-07-10,91.9,78.1,57.8,24,CheckIn,LightGBM,2025-07
2025-07-20,90.8,92.8,75.6,24,CheckIn,LightGBM,2025-07
2025-07-30,91.6,76.8,64.5,24,CheckIn,LightGBM,2025-07
2025-08-09,92.8,62.2,55.0,24,CheckIn,LightGBM,2025-08
2025-08-19,72.3,280.8,205.0,24,CheckIn,LightGBM,2025-08
2025-08-29,89.7,80.0,72.2,24,CheckIn,LightGBM,2025-08
2025-09-08,92.3,69.5,57.0,24,CheckIn,LightGBM,2025-09
2025-09-18,89.6,101.2,75.7,24,CheckIn,LightGBM,2025-09
2025-09-28,90.8,100.2,82.9,24,CheckIn,LightGBM,2025-09
2025-10-08,89.1,114.9,76.5,24,CheckIn,LightGBM,2025-10
2025-10-18,88.6,100.2,82.5,24,CheckIn,LightGBM,2025-10
2025-10-28,77.5,185.3,157.6,24,CheckIn,LightGBM,2025-10
2025-11-07,78.0,169.5,151.7,24,CheckIn,LightGBM,2025-11
2025-11-17,77.1,190.0,170.2,24,CheckIn,LightGBM,2025-11
2025-11-27,90.0,103.0,83.3,24,CheckIn,LightGBM,2025-11
2025-12-07,89.3,95.5,77.1,24,CheckIn,LightGBM,2025-12
2025-12-17,93.2,72.3,51.1,24,CheckIn,LightGBM,2025-12
2025-12-27,88.0,118.4,94.6,24,CheckIn,LightGBM,2025-12
2026-01-06,89.0,114.8,88.2,24,CheckIn,LightGBM,2026-01
2026-01-16,85.1,134.9,120.7,24,CheckIn,LightGBM,2026-01
2026-01-26,87.2,135.2,107.3,24,CheckIn,LightGBM,2026-01
2026-02-05,91.4,78.3,61.3,24,CheckIn,LightGBM,2026-02
2026-02-15,88.6,100.3,85.5,24,CheckIn,LightGBM,2026-02
2026-02-25,92.4,94.9,62.0,24,CheckIn,LightGBM,2026-02
2026-03-07,88.5,117.2,90.2,24,CheckIn,LightGBM,2026-03
2026-03-17,91.9,74.2,57.1,24,CheckIn,LightGBM,2026-03
2025-05-31,89.9,100.7,78.4,24,CheckIn,XGBoost,2025-05
2025-06-10,90.4,81.1,64.7,24,CheckIn,XGBoost,2025-06
2025-06-20,89.3,95.1,76.3,24,CheckIn,XGBoost,2025-06
2025-06-30,86.9,106.5,82.3,24,CheckIn,XGBoost,2025-06
2025-07-10,91.8,81.1,58.7,24,CheckIn,XGBoost,2025-07
2025-07-20,91.3,94.7,73.0,24,CheckIn,XGBoost,2025-07
2025-07-30,91.5,74.9,63.8,24,CheckIn,XGBoost,2025-07
2025-08-09,89.3,101.8,84.6,24,CheckIn,XGBoost,2025-08
2025-08-19,69.5,279.3,211.1,24,CheckIn,XGBoost,2025-08
2025-08-29,90.3,77.0,65.7,24,CheckIn,XGBoost,2025-08
2025-09-08,91.9,73.5,61.5,24,CheckIn,XGBoost,2025-09
2025-09-18,90.1,89.2,71.8,24,CheckIn,XGBoost,2025-09
2025-09-28,91.4,93.6,75.8,24,CheckIn,XGBoost,2025-09
2025-10-08,87.9,130.6,87.0,24,CheckIn,XGBoost,2025-10
2025-10-18,89.2,94.1,76.6,24,CheckIn,XGBoost,2025-10
2025-10-28,80.2,167.8,141.8,24,CheckIn,XGBoost,2025-10
2025-11-07,76.7,175.9,162.3,24,CheckIn,XGBoost,2025-11
2025-11-17,76.2,190.7,174.1,24,CheckIn,XGBoost,2025-11
2025-11-27,90.6,99.6,77.7,24,CheckIn,XGBoost,2025-11
2025-12-07,88.6,99.5,84.7,24,CheckIn,XGBoost,2025-12
2025-12-17,91.8,78.9,60.3,24,CheckIn,XGBoost,2025-12
2025-12-27,88.5,124.1,98.3,24,CheckIn,XGBoost,2025-12
2026-01-06,88.5,115.5,89.0,24,CheckIn,XGBoost,2026-01
2026-01-16,84.7,139.1,125.5,24,CheckIn,XGBoost,2026-01
2026-01-26,85.9,149.2,122.8,24,CheckIn,XGBoost,2026-01
2026-02-05,90.9,82.4,65.7,24,CheckIn,XGBoost,2026-02
2026-02-15,88.3,105.2,89.2,24,CheckIn,XGBoost,2026-02
2026-02-25,91.7,94.5,66.3,24,CheckIn,XGBoost,2026-02
2026-03-07,88.6,113.1,87.5,24,CheckIn,XGBoost,2026-03
2026-03-17,91.5,71.3,58.8,24,CheckIn,XGBoost,2026-03
2025-05-31,90.4,103.0,75.5,24,CheckIn,Bagging(trees),2025-05
2025-06-10,91.4,78.7,60.5,24,CheckIn,Bagging(trees),2025-06
2025-06-20,91.9,74.4,57.2,24,CheckIn,Bagging(trees),2025-06
2025-06-30,88.2,101.0,76.2,24,CheckIn,Bagging(trees),2025-06
2025-07-10,90.5,85.3,66.5,24,CheckIn,Bagging(trees),2025-07
2025-07-20,89.6,103.2,86.1,24,CheckIn,Bagging(trees),2025-07
2025-07-30,90.9,84.2,70.0,24,CheckIn,Bagging(trees),2025-07
2025-08-09,90.6,89.6,75.8,24,CheckIn,Bagging(trees),2025-08
2025-08-19,70.0,300.3,225.3,24,CheckIn,Bagging(trees),2025-08
2025-08-29,90.5,75.3,66.5,24,CheckIn,Bagging(trees),2025-08
2025-09-08,91.6,75.9,63.3,24,CheckIn,Bagging(trees),2025-09
2025-09-18,90.6,89.0,68.0,24,CheckIn,Bagging(trees),2025-09
2025-09-28,90.6,110.2,88.0,24,CheckIn,Bagging(trees),2025-09
2025-10-08,87.6,140.8,89.8,24,CheckIn,Bagging(trees),2025-10
2025-10-18,90.1,93.5,71.5,24,CheckIn,Bagging(trees),2025-10
2025-10-28,80.1,158.8,136.8,24,CheckIn,Bagging(trees),2025-10
2025-11-07,77.7,173.0,156.2,24,CheckIn,Bagging(trees),2025-11
2025-11-17,76.5,187.3,170.6,24,CheckIn,Bagging(trees),2025-11
2025-11-27,87.4,126.2,102.6,24,CheckIn,Bagging(trees),2025-11
2025-12-07,88.8,95.6,81.7,24,CheckIn,Bagging(trees),2025-12
2025-12-17,90.7,84.0,67.1,24,CheckIn,Bagging(trees),2025-12
2025-12-27,87.3,134.8,107.1,24,CheckIn,Bagging(trees),2025-12
2026-01-06,89.3,117.1,84.7,24,CheckIn,Bagging(trees),2026-01
2026-01-16,85.2,137.0,121.4,24,CheckIn,Bagging(trees),2026-01
2026-01-26,88.9,121.3,94.8,24,CheckIn,Bagging(trees),2026-01
2026-02-05,89.9,89.3,75.8,24,CheckIn,Bagging(trees),2026-02
2026-02-15,87.7,113.1,95.8,24,CheckIn,Bagging(trees),2026-02
2026-02-25,92.7,94.6,59.3,24,CheckIn,Bagging(trees),2026-02
2026-03-07,89.2,112.5,82.3,24,CheckIn,Bagging(trees),2026-03
2026-03-17,90.3,96.3,71.5,24,CheckIn,Bagging(trees),2026-03
2025-05-31,79.8,123.2,74.4,24,Emigration,Naive-seasonal-7d,2025-05
2025-06-10,70.8,99.1,68.5,24,Emigration,Naive-seasonal-7d,2025-06
2025-06-20,83.9,65.8,49.5,24,Emigration,Naive-seasonal-7d,2025-06
2025-06-30,82.2,65.9,47.8,24,Emigration,Naive-seasonal-7d,2025-06
2025-07-10,79.2,72.3,55.7,24,Emigration,Naive-seasonal-7d,2025-07
2025-08-01,79.1,74.3,57.7,24,Emigration,Naive-seasonal-7d,2025-08
2025-08-14,82.2,71.9,56.0,24,Emigration,Naive-seasonal-7d,2025-08
2025-08-25,82.0,95.2,59.8,24,Emigration,Naive-seasonal-7d,2025-08
2025-09-04,83.3,70.5,52.1,24,Emigration,Naive-seasonal-7d,2025-09
2025-09-14,77.6,97.6,79.9,24,Emigration,Naive-seasonal-7d,2025-09
2025-09-24,78.6,57.6,50.5,24,Emigration,Naive-seasonal-7d,2025-09
2025-10-04,80.9,77.8,56.4,24,Emigration,Naive-seasonal-7d,2025-10
2025-10-14,75.8,109.5,68.0,24,Emigration,Naive-seasonal-7d,2025-10
2025-10-24,62.4,68.7,58.9,24,Emigration,Naive-seasonal-7d,2025-10
2025-11-03,78.5,87.4,61.2,24,Emigration,Naive-seasonal-7d,2025-11
2025-11-13,84.1,80.5,49.5,24,Emigration,Naive-seasonal-7d,2025-11
2025-11-23,83.0,85.7,46.3,24,Emigration,Naive-seasonal-7d,2025-11
2025-12-03,77.4,78.9,53.8,24,Emigration,Naive-seasonal-7d,2025-12
2025-12-13,74.9,97.4,74.6,24,Emigration,Naive-seasonal-7d,2025-12
2025-12-23,80.5,74.3,56.7,24,Emigration,Naive-seasonal-7d,2025-12
2026-01-02,84.5,60.2,44.1,24,Emigration,Naive-seasonal-7d,2026-01
2026-01-12,79.1,69.7,49.8,24,Emigration,Naive-seasonal-7d,2026-01
2026-01-22,82.5,79.3,62.2,24,Emigration,Naive-seasonal-7d,2026-01
2026-02-01,84.6,74.4,51.5,24,Emigration,Naive-seasonal-7d,2026-02
2026-02-11,78.1,62.6,45.8,24,Emigration,Naive-seasonal-7d,2026-02
2026-02-21,82.7,69.1,51.4,24,Emigration,Naive-seasonal-7d,2026-02
2026-03-03,51.5,206.6,143.5,24,Emigration,Naive-seasonal-7d,2026-03
2026-03-13,63.0,79.8,63.2,24,Emigration,Naive-seasonal-7d,2026-03
2026-03-23,72.5,72.9,53.4,24,Emigration,Naive-seasonal-7d,2026-03
2025-05-31,75.8,104.6,73.7,24,Emigration,RandomForest [Naveen],2025-05
2025-06-10,80.6,78.0,52.6,24,Emigration,RandomForest [Naveen],2025-06
2025-06-20,81.9,69.3,52.5,24,Emigration,RandomForest [Naveen],2025-06
2025-06-30,86.2,60.4,38.8,24,Emigration,RandomForest [Naveen],2025-06
2025-07-10,82.0,61.2,47.8,24,Emigration,RandomForest [Naveen],2025-07
2025-08-01,79.4,70.6,59.5,24,Emigration,RandomForest [Naveen],2025-08
2025-08-14,82.6,64.2,52.0,24,Emigration,RandomForest [Naveen],2025-08
2025-08-25,83.9,74.4,51.2,24,Emigration,RandomForest [Naveen],2025-08
2025-09-04,86.0,63.9,47.6,24,Emigration,RandomForest [Naveen],2025-09
2025-09-14,81.9,78.0,63.1,24,Emigration,RandomForest [Naveen],2025-09
2025-09-24,81.1,74.5,49.3,24,Emigration,RandomForest [Naveen],2025-09
2025-10-04,83.6,89.8,51.3,24,Emigration,RandomForest [Naveen],2025-10
2025-10-14,74.0,100.7,65.7,24,Emigration,RandomForest [Naveen],2025-10
2025-10-24,68.6,61.1,52.1,24,Emigration,RandomForest [Naveen],2025-10
2025-11-03,83.0,47.2,37.3,24,Emigration,RandomForest [Naveen],2025-11
2025-11-13,87.0,62.8,40.1,24,Emigration,RandomForest [Naveen],2025-11
2025-11-23,85.3,65.1,36.7,24,Emigration,RandomForest [Naveen],2025-11
2025-12-03,77.2,90.0,59.6,24,Emigration,RandomForest [Naveen],2025-12
2025-12-13,80.2,69.3,55.1,24,Emigration,RandomForest [Naveen],2025-12
2025-12-23,81.2,58.5,47.8,24,Emigration,RandomForest [Naveen],2025-12
2026-01-02,73.2,112.6,88.5,24,Emigration,RandomForest [Naveen],2026-01
2026-01-12,80.3,51.4,36.1,24,Emigration,RandomForest [Naveen],2026-01
2026-01-22,86.2,67.6,51.9,24,Emigration,RandomForest [Naveen],2026-01
2026-02-01,85.4,66.0,44.9,24,Emigration,RandomForest [Naveen],2026-02
2026-02-11,81.0,68.6,43.6,24,Emigration,RandomForest [Naveen],2026-02
2026-02-21,83.5,58.6,45.6,24,Emigration,RandomForest [Naveen],2026-02
2026-03-03,57.2,151.2,101.8,24,Emigration,RandomForest [Naveen],2026-03
2026-03-13,75.7,56.3,46.1,24,Emigration,RandomForest [Naveen],2026-03
2026-03-23,75.1,59.4,46.0,24,Emigration,RandomForest [Naveen],2026-03
2025-05-31,74.4,115.2,79.6,24,Emigration,ExtraTrees,2025-05
2025-06-10,79.6,70.5,54.2,24,Emigration,ExtraTrees,2025-06
2025-06-20,79.1,82.1,62.1,24,Emigration,ExtraTrees,2025-06
2025-06-30,82.2,65.9,47.8,24,Emigration,ExtraTrees,2025-06
2025-07-10,78.2,67.9,54.3,24,Emigration,ExtraTrees,2025-07
2025-08-01,78.7,74.2,60.1,24,Emigration,ExtraTrees,2025-08
2025-08-14,82.2,71.9,56.0,24,Emigration,ExtraTrees,2025-08
2025-08-25,82.0,95.2,59.8,24,Emigration,ExtraTrees,2025-08
2025-09-04,84.8,69.9,51.3,24,Emigration,ExtraTrees,2025-09
2025-09-14,77.7,96.4,80.5,24,Emigration,ExtraTrees,2025-09
2025-09-24,79.1,78.1,53.4,24,Emigration,ExtraTrees,2025-09
2025-10-04,82.4,98.5,56.3,24,Emigration,ExtraTrees,2025-10
2025-10-14,76.5,91.5,59.1,24,Emigration,ExtraTrees,2025-10
2025-10-24,68.7,58.0,49.9,24,Emigration,ExtraTrees,2025-10
2025-11-03,80.7,47.1,39.4,24,Emigration,ExtraTrees,2025-11
2025-11-13,83.3,74.4,47.9,24,Emigration,ExtraTrees,2025-11
2025-11-23,82.3,81.5,46.0,24,Emigration,ExtraTrees,2025-11
2025-12-03,74.9,92.4,64.2,24,Emigration,ExtraTrees,2025-12
2025-12-13,74.7,97.4,75.7,24,Emigration,ExtraTrees,2025-12
2025-12-23,77.6,72.5,60.1,24,Emigration,ExtraTrees,2025-12
2026-01-02,70.8,125.7,99.0,24,Emigration,ExtraTrees,2026-01
2026-01-12,80.8,67.3,47.3,24,Emigration,ExtraTrees,2026-01
2026-01-22,83.7,71.6,53.6,24,Emigration,ExtraTrees,2026-01
2026-02-01,84.2,76.8,53.8,24,Emigration,ExtraTrees,2026-02
2026-02-11,81.2,71.6,47.7,24,Emigration,ExtraTrees,2026-02
2026-02-21,83.1,66.1,49.1,24,Emigration,ExtraTrees,2026-02
2026-03-03,55.4,147.0,102.5,24,Emigration,ExtraTrees,2026-03
2026-03-13,73.7,57.3,47.5,24,Emigration,ExtraTrees,2026-03
2026-03-23,71.4,68.4,53.7,24,Emigration,ExtraTrees,2026-03
2025-05-31,74.6,94.9,69.0,24,Emigration,HistGradientBoosting,2025-05
2025-06-10,84.2,70.1,46.0,24,Emigration,HistGradientBoosting,2025-06
2025-06-20,81.5,65.4,52.9,24,Emigration,HistGradientBoosting,2025-06
2025-06-30,83.0,53.8,41.9,24,Emigration,HistGradientBoosting,2025-06
2025-07-10,82.7,51.7,42.0,24,Emigration,HistGradientBoosting,2025-07
2025-08-01,81.6,64.2,54.0,24,Emigration,HistGradientBoosting,2025-08
2025-08-14,83.6,59.2,47.7,24,Emigration,HistGradientBoosting,2025-08
2025-08-25,85.0,55.4,42.1,24,Emigration,HistGradientBoosting,2025-08
2025-09-04,86.3,48.9,38.1,24,Emigration,HistGradientBoosting,2025-09
2025-09-14,83.7,74.8,54.0,24,Emigration,HistGradientBoosting,2025-09
2025-09-24,83.4,54.8,45.6,24,Emigration,HistGradientBoosting,2025-09
2025-10-04,82.0,81.3,51.5,24,Emigration,HistGradientBoosting,2025-10
2025-10-14,75.7,94.5,56.8,24,Emigration,HistGradientBoosting,2025-10
2025-10-24,57.3,82.7,70.5,24,Emigration,HistGradientBoosting,2025-10
2025-11-03,73.9,80.1,67.8,24,Emigration,HistGradientBoosting,2025-11
2025-11-13,81.7,69.6,47.5,24,Emigration,HistGradientBoosting,2025-11
2025-11-23,85.6,59.7,37.6,24,Emigration,HistGradientBoosting,2025-11
2025-12-03,75.9,87.6,62.9,24,Emigration,HistGradientBoosting,2025-12
2025-12-13,80.1,56.3,45.8,24,Emigration,HistGradientBoosting,2025-12
2025-12-23,80.9,65.0,52.7,24,Emigration,HistGradientBoosting,2025-12
2026-01-02,78.5,98.0,68.1,24,Emigration,HistGradientBoosting,2026-01
2026-01-12,75.4,68.8,54.5,24,Emigration,HistGradientBoosting,2026-01
2026-01-22,84.6,68.9,53.7,24,Emigration,HistGradientBoosting,2026-01
2026-02-01,86.1,62.5,42.5,24,Emigration,HistGradientBoosting,2026-02
2026-02-11,77.3,70.4,52.9,24,Emigration,HistGradientBoosting,2026-02
2026-02-21,85.6,58.9,40.2,24,Emigration,HistGradientBoosting,2026-02
2026-03-03,61.5,113.3,77.3,24,Emigration,HistGradientBoosting,2026-03
2026-03-13,77.1,59.1,44.5,24,Emigration,HistGradientBoosting,2026-03
2026-03-23,74.4,51.7,42.6,24,Emigration,HistGradientBoosting,2026-03
2025-05-31,74.4,99.7,71.1,24,Emigration,LightGBM,2025-05
2025-06-10,84.9,68.7,45.6,24,Emigration,LightGBM,2025-06
2025-06-20,81.4,65.6,53.8,24,Emigration,LightGBM,2025-06
2025-06-30,83.1,55.8,42.2,24,Emigration,LightGBM,2025-06
2025-07-10,81.7,53.8,42.7,24,Emigration,LightGBM,2025-07
2025-08-01,83.8,57.5,48.5,24,Emigration,LightGBM,2025-08
2025-08-14,83.9,56.9,46.6,24,Emigration,LightGBM,2025-08
2025-08-25,85.6,53.6,39.8,24,Emigration,LightGBM,2025-08
2025-09-04,86.2,47.7,38.4,24,Emigration,LightGBM,2025-09
2025-09-14,84.1,72.5,53.2,24,Emigration,LightGBM,2025-09
2025-09-24,83.8,54.8,46.1,24,Emigration,LightGBM,2025-09
2025-10-04,82.9,76.3,48.5,24,Emigration,LightGBM,2025-10
2025-10-14,77.1,92.8,54.7,24,Emigration,LightGBM,2025-10
2025-10-24,59.9,86.9,73.0,24,Emigration,LightGBM,2025-10
2025-11-03,75.4,76.5,63.0,24,Emigration,LightGBM,2025-11
2025-11-13,82.2,67.7,46.0,24,Emigration,LightGBM,2025-11
2025-11-23,85.7,57.0,36.2,24,Emigration,LightGBM,2025-11
2025-12-03,76.1,88.3,62.2,24,Emigration,LightGBM,2025-12
2025-12-13,80.1,57.8,45.7,24,Emigration,LightGBM,2025-12
2025-12-23,81.8,62.2,50.0,24,Emigration,LightGBM,2025-12
2026-01-02,78.2,93.9,67.8,24,Emigration,LightGBM,2026-01
2026-01-12,76.0,63.7,50.8,24,Emigration,LightGBM,2026-01
2026-01-22,86.0,65.4,50.6,24,Emigration,LightGBM,2026-01
2026-02-01,86.0,60.3,42.0,24,Emigration,LightGBM,2026-02
2026-02-11,78.1,66.1,49.9,24,Emigration,LightGBM,2026-02
2026-02-21,86.2,58.4,40.6,24,Emigration,LightGBM,2026-02
2026-03-03,65.6,117.1,77.8,24,Emigration,LightGBM,2026-03
2026-03-13,77.1,58.0,44.3,24,Emigration,LightGBM,2026-03
2026-03-23,74.5,54.2,43.0,24,Emigration,LightGBM,2026-03
2025-05-31,73.0,112.9,82.2,24,Emigration,XGBoost,2025-05
2025-06-10,79.5,80.2,56.4,24,Emigration,XGBoost,2025-06
2025-06-20,80.5,69.1,55.0,24,Emigration,XGBoost,2025-06
2025-06-30,81.2,64.6,47.9,24,Emigration,XGBoost,2025-06
2025-07-10,76.0,72.6,60.1,24,Emigration,XGBoost,2025-07
2025-08-01,82.9,66.4,51.7,24,Emigration,XGBoost,2025-08
2025-08-14,83.2,58.7,49.5,24,Emigration,XGBoost,2025-08
2025-08-25,83.3,77.4,51.2,24,Emigration,XGBoost,2025-08
2025-09-04,83.0,68.7,53.2,24,Emigration,XGBoost,2025-09
2025-09-14,83.1,76.8,59.4,24,Emigration,XGBoost,2025-09
2025-09-24,83.1,78.3,49.0,24,Emigration,XGBoost,2025-09
2025-10-04,83.5,78.0,47.2,24,Emigration,XGBoost,2025-10
2025-10-14,72.7,89.4,57.6,24,Emigration,XGBoost,2025-10
2025-10-24,61.4,66.2,59.0,24,Emigration,XGBoost,2025-10
2025-11-03,81.8,68.2,49.8,24,Emigration,XGBoost,2025-11
2025-11-13,84.1,65.0,41.4,24,Emigration,XGBoost,2025-11
2025-11-23,85.1,59.3,37.1,24,Emigration,XGBoost,2025-11
2025-12-03,74.9,94.9,66.6,24,Emigration,XGBoost,2025-12
2025-12-13,79.9,60.3,48.7,24,Emigration,XGBoost,2025-12
2025-12-23,81.1,59.4,43.3,24,Emigration,XGBoost,2025-12
2026-01-02,78.4,83.5,66.0,24,Emigration,XGBoost,2026-01
2026-01-12,79.6,55.5,40.2,24,Emigration,XGBoost,2026-01
2026-01-22,85.9,64.3,51.4,24,Emigration,XGBoost,2026-01
2026-02-01,86.0,64.4,43.6,24,Emigration,XGBoost,2026-02
2026-02-11,78.5,72.3,51.5,24,Emigration,XGBoost,2026-02
2026-02-21,87.0,54.2,38.7,24,Emigration,XGBoost,2026-02
2026-03-03,63.5,98.2,62.6,24,Emigration,XGBoost,2026-03
2026-03-13,79.4,49.9,38.7,24,Emigration,XGBoost,2026-03
2026-03-23,73.9,52.2,42.6,24,Emigration,XGBoost,2026-03
2025-05-31,75.7,106.1,74.2,24,Emigration,Bagging(trees),2025-05
2025-06-10,79.5,78.8,54.0,24,Emigration,Bagging(trees),2025-06
2025-06-20,81.2,70.5,54.2,24,Emigration,Bagging(trees),2025-06
2025-06-30,86.4,59.7,38.8,24,Emigration,Bagging(trees),2025-06
2025-07-10,81.4,62.7,48.8,24,Emigration,Bagging(trees),2025-07
2025-08-01,79.7,69.7,58.3,24,Emigration,Bagging(trees),2025-08
2025-08-14,82.8,63.4,51.9,24,Emigration,Bagging(trees),2025-08
2025-08-25,83.8,75.3,50.3,24,Emigration,Bagging(trees),2025-08
2025-09-04,86.2,65.0,48.0,24,Emigration,Bagging(trees),2025-09
2025-09-14,81.8,79.4,63.4,24,Emigration,Bagging(trees),2025-09
2025-09-24,81.6,76.3,49.5,24,Emigration,Bagging(trees),2025-09
2025-10-04,84.0,86.8,49.5,24,Emigration,Bagging(trees),2025-10
2025-10-14,74.7,100.2,63.8,24,Emigration,Bagging(trees),2025-10
2025-10-24,69.0,60.4,51.6,24,Emigration,Bagging(trees),2025-10
2025-11-03,83.1,47.0,37.7,24,Emigration,Bagging(trees),2025-11
2025-11-13,86.7,63.7,39.9,24,Emigration,Bagging(trees),2025-11
2025-11-23,85.1,67.1,37.2,24,Emigration,Bagging(trees),2025-11
2025-12-03,77.0,90.4,60.4,24,Emigration,Bagging(trees),2025-12
2025-12-13,80.3,70.9,55.8,24,Emigration,Bagging(trees),2025-12
2025-12-23,81.2,58.0,47.3,24,Emigration,Bagging(trees),2025-12
2026-01-02,73.4,109.8,87.2,24,Emigration,Bagging(trees),2026-01
2026-01-12,79.6,51.9,37.8,24,Emigration,Bagging(trees),2026-01
2026-01-22,86.3,69.0,52.3,24,Emigration,Bagging(trees),2026-01
2026-02-01,85.2,67.7,45.8,24,Emigration,Bagging(trees),2026-02
2026-02-11,81.0,69.2,43.4,24,Emigration,Bagging(trees),2026-02
2026-02-21,83.6,57.6,44.9,24,Emigration,Bagging(trees),2026-02
2026-03-03,58.2,147.5,98.9,24,Emigration,Bagging(trees),2026-03
2026-03-13,76.5,56.7,45.8,24,Emigration,Bagging(trees),2026-03
2026-03-23,75.6,58.8,45.5,24,Emigration,Bagging(trees),2026-03
2025-05-31,64.7,125.6,89.4,24,Immigration,Naive-seasonal-7d,2025-05
2025-06-10,70.5,114.0,81.5,24,Immigration,Naive-seasonal-7d,2025-06
2025-06-20,55.5,177.3,124.8,24,Immigration,Naive-seasonal-7d,2025-06
2025-06-30,71.3,125.6,82.8,24,Immigration,Naive-seasonal-7d,2025-06
2025-07-10,67.8,119.1,89.4,24,Immigration,Naive-seasonal-7d,2025-07
2025-07-20,58.2,140.8,104.5,24,Immigration,Naive-seasonal-7d,2025-07
2025-07-30,66.1,129.2,89.3,24,Immigration,Naive-seasonal-7d,2025-07
2025-08-09,76.3,70.2,46.4,24,Immigration,Naive-seasonal-7d,2025-08
2025-08-19,44.1,122.5,90.6,24,Immigration,Naive-seasonal-7d,2025-08
2025-08-29,64.7,89.9,67.4,24,Immigration,Naive-seasonal-7d,2025-08
2025-09-08,58.8,173.9,126.7,24,Immigration,Naive-seasonal-7d,2025-09
2025-09-18,59.8,129.7,103.8,24,Immigration,Naive-seasonal-7d,2025-09
2025-09-28,70.7,107.4,81.9,24,Immigration,Naive-seasonal-7d,2025-09
2025-10-08,76.6,167.5,96.1,24,Immigration,Naive-seasonal-7d,2025-10
2025-10-18,29.9,388.2,307.3,24,Immigration,Naive-seasonal-7d,2025-10
2025-10-28,28.0,325.9,252.2,24,Immigration,Naive-seasonal-7d,2025-10
2025-11-07,79.3,67.7,50.0,24,Immigration,Naive-seasonal-7d,2025-11
2025-11-17,74.5,154.7,96.6,24,Immigration,Naive-seasonal-7d,2025-11
2025-11-27,67.1,101.4,83.2,24,Immigration,Naive-seasonal-7d,2025-11
2025-12-07,63.3,166.4,133.3,24,Immigration,Naive-seasonal-7d,2025-12
2025-12-17,61.6,175.8,132.4,24,Immigration,Naive-seasonal-7d,2025-12
2025-12-27,68.8,151.4,122.0,24,Immigration,Naive-seasonal-7d,2025-12
2026-01-06,61.5,147.5,118.0,24,Immigration,Naive-seasonal-7d,2026-01
2026-01-16,65.6,127.9,93.6,24,Immigration,Naive-seasonal-7d,2026-01
2026-01-26,76.2,125.6,80.9,24,Immigration,Naive-seasonal-7d,2026-01
2026-02-05,62.8,123.9,94.3,24,Immigration,Naive-seasonal-7d,2026-02
2026-02-15,74.3,122.2,85.4,24,Immigration,Naive-seasonal-7d,2026-02
2026-02-25,65.8,146.9,101.0,24,Immigration,Naive-seasonal-7d,2026-02
2026-03-07,55.5,163.7,125.2,24,Immigration,Naive-seasonal-7d,2026-03
2026-03-17,51.5,158.1,121.4,24,Immigration,Naive-seasonal-7d,2026-03
2025-05-31,68.1,110.5,77.8,24,Immigration,RandomForest [Naveen],2025-05
2025-06-10,72.1,97.7,71.6,24,Immigration,RandomForest [Naveen],2025-06
2025-06-20,57.3,152.5,116.7,24,Immigration,RandomForest [Naveen],2025-06
2025-06-30,72.7,113.9,79.9,24,Immigration,RandomForest [Naveen],2025-06
2025-07-10,65.9,122.8,92.9,24,Immigration,RandomForest [Naveen],2025-07
2025-07-20,62.9,119.1,91.9,24,Immigration,RandomForest [Naveen],2025-07
2025-07-30,69.4,102.1,72.8,24,Immigration,RandomForest [Naveen],2025-07
2025-08-09,73.3,72.0,58.0,24,Immigration,RandomForest [Naveen],2025-08
2025-08-19,46.4,135.0,98.9,24,Immigration,RandomForest [Naveen],2025-08
2025-08-29,71.2,68.3,47.7,24,Immigration,RandomForest [Naveen],2025-08
2025-09-08,60.8,172.2,123.8,24,Immigration,RandomForest [Naveen],2025-09
2025-09-18,70.3,101.3,73.7,24,Immigration,RandomForest [Naveen],2025-09
2025-09-28,71.2,76.3,65.3,24,Immigration,RandomForest [Naveen],2025-09
2025-10-08,70.7,135.8,88.1,24,Immigration,RandomForest [Naveen],2025-10
2025-10-18,44.8,157.2,125.2,24,Immigration,RandomForest [Naveen],2025-10
2025-10-28,63.3,178.3,124.3,24,Immigration,RandomForest [Naveen],2025-10
2025-11-07,80.1,82.6,59.3,24,Immigration,RandomForest [Naveen],2025-11
2025-11-17,71.2,129.6,92.2,24,Immigration,RandomForest [Naveen],2025-11
2025-11-27,68.7,117.3,84.8,24,Immigration,RandomForest [Naveen],2025-11
2025-12-07,70.2,132.3,102.5,24,Immigration,RandomForest [Naveen],2025-12
2025-12-17,67.4,147.1,106.8,24,Immigration,RandomForest [Naveen],2025-12
2025-12-27,77.7,104.6,77.7,24,Immigration,RandomForest [Naveen],2025-12
2026-01-06,61.3,172.1,136.7,24,Immigration,RandomForest [Naveen],2026-01
2026-01-16,68.9,99.7,82.1,24,Immigration,RandomForest [Naveen],2026-01
2026-01-26,76.0,106.0,67.8,24,Immigration,RandomForest [Naveen],2026-01
2026-02-05,65.0,128.5,97.8,24,Immigration,RandomForest [Naveen],2026-02
2026-02-15,77.0,87.8,63.4,24,Immigration,RandomForest [Naveen],2026-02
2026-02-25,68.7,106.0,72.0,24,Immigration,RandomForest [Naveen],2026-02
2026-03-07,60.5,139.7,95.6,24,Immigration,RandomForest [Naveen],2026-03
2026-03-17,55.1,130.0,100.6,24,Immigration,RandomForest [Naveen],2026-03
2025-05-31,64.7,122.6,86.5,24,Immigration,ExtraTrees,2025-05
2025-06-10,71.6,102.8,76.8,24,Immigration,ExtraTrees,2025-06
2025-06-20,53.4,179.3,130.9,24,Immigration,ExtraTrees,2025-06
2025-06-30,71.3,125.6,82.8,24,Immigration,ExtraTrees,2025-06
2025-07-10,65.1,120.0,94.6,24,Immigration,ExtraTrees,2025-07
2025-07-20,57.2,134.7,106.3,24,Immigration,ExtraTrees,2025-07
2025-07-30,65.2,110.8,78.8,24,Immigration,ExtraTrees,2025-07
2025-08-09,69.3,82.1,67.9,24,Immigration,ExtraTrees,2025-08
2025-08-19,45.1,138.7,100.9,24,Immigration,ExtraTrees,2025-08
2025-08-29,67.7,74.9,55.2,24,Immigration,ExtraTrees,2025-08
2025-09-08,58.8,173.9,126.7,24,Immigration,ExtraTrees,2025-09
2025-09-18,66.6,115.9,85.0,24,Immigration,ExtraTrees,2025-09
2025-09-28,70.6,97.9,76.5,24,Immigration,ExtraTrees,2025-09
2025-10-08,71.6,132.0,87.5,24,Immigration,ExtraTrees,2025-10
2025-10-18,46.0,193.1,141.1,24,Immigration,ExtraTrees,2025-10
2025-10-28,67.2,183.4,124.6,24,Immigration,ExtraTrees,2025-10
2025-11-07,79.9,98.7,66.2,24,Immigration,ExtraTrees,2025-11
2025-11-17,74.5,154.7,96.6,24,Immigration,ExtraTrees,2025-11
2025-11-27,67.1,124.4,90.6,24,Immigration,ExtraTrees,2025-11
2025-12-07,69.7,139.4,107.2,24,Immigration,ExtraTrees,2025-12
2025-12-17,67.8,153.4,110.7,24,Immigration,ExtraTrees,2025-12
2025-12-27,74.2,134.6,104.2,24,Immigration,ExtraTrees,2025-12
2026-01-06,61.3,182.4,142.2,24,Immigration,ExtraTrees,2026-01
2026-01-16,68.4,111.1,85.1,24,Immigration,ExtraTrees,2026-01
2026-01-26,75.6,114.7,75.4,24,Immigration,ExtraTrees,2026-01
2026-02-05,66.2,149.8,101.0,24,Immigration,ExtraTrees,2026-02
2026-02-15,74.3,115.0,82.1,24,Immigration,ExtraTrees,2026-02
2026-02-25,65.0,118.3,82.3,24,Immigration,ExtraTrees,2026-02
2026-03-07,60.3,127.5,88.6,24,Immigration,ExtraTrees,2026-03
2026-03-17,56.8,132.3,96.3,24,Immigration,ExtraTrees,2026-03
2025-05-31,66.8,113.9,80.8,24,Immigration,HistGradientBoosting,2025-05
2025-06-10,70.6,88.6,68.8,24,Immigration,HistGradientBoosting,2025-06
2025-06-20,65.2,127.5,91.5,24,Immigration,HistGradientBoosting,2025-06
2025-06-30,78.2,88.6,66.4,24,Immigration,HistGradientBoosting,2025-06
2025-07-10,67.7,102.8,78.6,24,Immigration,HistGradientBoosting,2025-07
2025-07-20,68.6,94.5,70.1,24,Immigration,HistGradientBoosting,2025-07
2025-07-30,65.1,92.8,70.8,24,Immigration,HistGradientBoosting,2025-07
2025-08-09,70.4,69.8,56.7,24,Immigration,HistGradientBoosting,2025-08
2025-08-19,44.5,125.3,89.4,24,Immigration,HistGradientBoosting,2025-08
2025-08-29,73.3,51.1,39.2,24,Immigration,HistGradientBoosting,2025-08
2025-09-08,61.4,169.0,120.7,24,Immigration,HistGradientBoosting,2025-09
2025-09-18,74.8,89.0,63.5,24,Immigration,HistGradientBoosting,2025-09
2025-09-28,73.9,75.5,58.5,24,Immigration,HistGradientBoosting,2025-09
2025-10-08,67.3,134.4,105.6,24,Immigration,HistGradientBoosting,2025-10
2025-10-18,43.4,177.8,135.7,24,Immigration,HistGradientBoosting,2025-10
2025-10-28,54.3,229.8,169.1,24,Immigration,HistGradientBoosting,2025-10
2025-11-07,72.7,94.4,72.6,24,Immigration,HistGradientBoosting,2025-11
2025-11-17,71.8,112.1,85.9,24,Immigration,HistGradientBoosting,2025-11
2025-11-27,71.8,106.5,81.9,24,Immigration,HistGradientBoosting,2025-11
2025-12-07,71.3,116.6,93.6,24,Immigration,HistGradientBoosting,2025-12
2025-12-17,67.6,119.1,99.5,24,Immigration,HistGradientBoosting,2025-12
2025-12-27,75.7,96.4,75.7,24,Immigration,HistGradientBoosting,2025-12
2026-01-06,63.1,138.3,113.6,24,Immigration,HistGradientBoosting,2026-01
2026-01-16,64.8,108.8,91.0,24,Immigration,HistGradientBoosting,2026-01
2026-01-26,68.3,110.9,82.6,24,Immigration,HistGradientBoosting,2026-01
2026-02-05,64.8,110.2,88.2,24,Immigration,HistGradientBoosting,2026-02
2026-02-15,76.6,81.9,58.6,24,Immigration,HistGradientBoosting,2026-02
2026-02-25,64.6,102.4,75.8,24,Immigration,HistGradientBoosting,2026-02
2026-03-07,57.3,142.6,104.3,24,Immigration,HistGradientBoosting,2026-03
2026-03-17,52.0,133.7,105.3,24,Immigration,HistGradientBoosting,2026-03
2025-05-31,67.6,113.9,79.8,24,Immigration,LightGBM,2025-05
2025-06-10,68.8,89.7,70.2,24,Immigration,LightGBM,2025-06
2025-06-20,60.8,126.8,92.7,24,Immigration,LightGBM,2025-06
2025-06-30,78.1,93.1,69.0,24,Immigration,LightGBM,2025-06
2025-07-10,67.8,103.3,79.6,24,Immigration,LightGBM,2025-07
2025-07-20,69.2,96.3,72.2,24,Immigration,LightGBM,2025-07
2025-07-30,67.7,95.7,72.2,24,Immigration,LightGBM,2025-07
2025-08-09,71.1,69.9,54.2,24,Immigration,LightGBM,2025-08
2025-08-19,44.4,125.7,88.6,24,Immigration,LightGBM,2025-08
2025-08-29,70.1,57.0,44.4,24,Immigration,LightGBM,2025-08
2025-09-08,61.6,168.9,120.8,24,Immigration,LightGBM,2025-09
2025-09-18,75.9,90.4,63.8,24,Immigration,LightGBM,2025-09
2025-09-28,74.4,70.4,55.5,24,Immigration,LightGBM,2025-09
2025-10-08,66.9,136.6,106.7,24,Immigration,LightGBM,2025-10
2025-10-18,41.8,172.1,131.7,24,Immigration,LightGBM,2025-10
2025-10-28,55.0,231.8,168.1,24,Immigration,LightGBM,2025-10
2025-11-07,73.2,94.7,72.6,24,Immigration,LightGBM,2025-11
2025-11-17,72.0,110.8,85.4,24,Immigration,LightGBM,2025-11
2025-11-27,71.8,102.7,80.3,24,Immigration,LightGBM,2025-11
2025-12-07,72.0,119.1,96.2,24,Immigration,LightGBM,2025-12
2025-12-17,68.7,117.6,96.9,24,Immigration,LightGBM,2025-12
2025-12-27,76.1,97.1,75.3,24,Immigration,LightGBM,2025-12
2026-01-06,64.4,141.9,111.6,24,Immigration,LightGBM,2026-01
2026-01-16,65.3,104.8,87.9,24,Immigration,LightGBM,2026-01
2026-01-26,70.4,109.8,81.9,24,Immigration,LightGBM,2026-01
2026-02-05,65.1,111.9,89.2,24,Immigration,LightGBM,2026-02
2026-02-15,77.6,80.3,56.8,24,Immigration,LightGBM,2026-02
2026-02-25,67.6,100.0,71.7,24,Immigration,LightGBM,2026-02
2026-03-07,57.3,147.9,104.8,24,Immigration,LightGBM,2026-03
2026-03-17,53.0,130.3,100.8,24,Immigration,LightGBM,2026-03
2025-05-31,64.8,117.3,83.5,24,Immigration,XGBoost,2025-05
2025-06-10,71.5,98.7,72.3,24,Immigration,XGBoost,2025-06
2025-06-20,59.7,141.8,111.3,24,Immigration,XGBoost,2025-06
2025-06-30,77.2,115.2,77.2,24,Immigration,XGBoost,2025-06
2025-07-10,61.2,131.5,100.1,24,Immigration,XGBoost,2025-07
2025-07-20,66.5,108.3,79.8,24,Immigration,XGBoost,2025-07
2025-07-30,67.3,108.7,77.7,24,Immigration,XGBoost,2025-07
2025-08-09,72.6,88.3,68.2,24,Immigration,XGBoost,2025-08
2025-08-19,45.8,142.4,100.3,24,Immigration,XGBoost,2025-08
2025-08-29,70.9,75.8,55.0,24,Immigration,XGBoost,2025-08
2025-09-08,60.9,173.8,124.9,24,Immigration,XGBoost,2025-09
2025-09-18,68.0,114.0,86.0,24,Immigration,XGBoost,2025-09
2025-09-28,71.4,75.6,64.0,24,Immigration,XGBoost,2025-09
2025-10-08,73.8,130.1,84.5,24,Immigration,XGBoost,2025-10
2025-10-18,47.9,161.0,121.6,24,Immigration,XGBoost,2025-10
2025-10-28,64.3,189.3,127.7,24,Immigration,XGBoost,2025-10
2025-11-07,79.4,84.7,59.8,24,Immigration,XGBoost,2025-11
2025-11-17,72.0,121.3,88.3,24,Immigration,XGBoost,2025-11
2025-11-27,70.7,104.1,81.1,24,Immigration,XGBoost,2025-11
2025-12-07,73.5,125.6,99.1,24,Immigration,XGBoost,2025-12
2025-12-17,71.4,135.0,95.4,24,Immigration,XGBoost,2025-12
2025-12-27,75.5,101.6,78.4,24,Immigration,XGBoost,2025-12
2026-01-06,63.1,168.7,131.2,24,Immigration,XGBoost,2026-01
2026-01-16,66.5,96.6,82.4,24,Immigration,XGBoost,2026-01
2026-01-26,70.2,101.7,73.1,24,Immigration,XGBoost,2026-01
2026-02-05,64.3,113.3,92.7,24,Immigration,XGBoost,2026-02
2026-02-15,78.9,82.6,56.4,24,Immigration,XGBoost,2026-02
2026-02-25,69.0,93.2,64.0,24,Immigration,XGBoost,2026-02
2026-03-07,58.9,147.3,102.1,24,Immigration,XGBoost,2026-03
2026-03-17,54.9,130.9,98.9,24,Immigration,XGBoost,2026-03
2025-05-31,68.0,112.0,79.5,24,Immigration,Bagging(trees),2025-05
2025-06-10,71.8,96.5,68.2,24,Immigration,Bagging(trees),2025-06
2025-06-20,57.2,151.7,116.2,24,Immigration,Bagging(trees),2025-06
2025-06-30,73.1,112.5,80.2,24,Immigration,Bagging(trees),2025-06
2025-07-10,65.1,124.6,94.5,24,Immigration,Bagging(trees),2025-07
2025-07-20,63.1,119.2,91.3,24,Immigration,Bagging(trees),2025-07
2025-07-30,68.1,105.3,76.6,24,Immigration,Bagging(trees),2025-07
2025-08-09,72.2,73.8,59.3,24,Immigration,Bagging(trees),2025-08
2025-08-19,46.4,135.6,99.2,24,Immigration,Bagging(trees),2025-08
2025-08-29,70.6,66.3,46.6,24,Immigration,Bagging(trees),2025-08
2025-09-08,60.9,172.0,123.9,24,Immigration,Bagging(trees),2025-09
2025-09-18,70.7,99.1,74.4,24,Immigration,Bagging(trees),2025-09
2025-09-28,72.0,73.4,62.0,24,Immigration,Bagging(trees),2025-09
2025-10-08,70.1,134.6,89.7,24,Immigration,Bagging(trees),2025-10
2025-10-18,46.2,155.0,122.0,24,Immigration,Bagging(trees),2025-10
2025-10-28,63.3,177.1,123.4,24,Immigration,Bagging(trees),2025-10
2025-11-07,81.0,81.3,57.1,24,Immigration,Bagging(trees),2025-11
2025-11-17,71.7,130.3,90.8,24,Immigration,Bagging(trees),2025-11
2025-11-27,68.5,116.9,85.3,24,Immigration,Bagging(trees),2025-11
2025-12-07,70.5,131.5,101.6,24,Immigration,Bagging(trees),2025-12
2025-12-17,67.7,147.2,107.1,24,Immigration,Bagging(trees),2025-12
2025-12-27,77.1,102.0,76.7,24,Immigration,Bagging(trees),2025-12
2026-01-06,62.0,169.3,134.5,24,Immigration,Bagging(trees),2026-01
2026-01-16,69.1,98.6,80.0,24,Immigration,Bagging(trees),2026-01
2026-01-26,74.8,107.6,70.9,24,Immigration,Bagging(trees),2026-01
2026-02-05,65.0,125.9,96.3,24,Immigration,Bagging(trees),2026-02
2026-02-15,77.0,91.0,64.8,24,Immigration,Bagging(trees),2026-02
2026-02-25,68.5,109.4,74.4,24,Immigration,Bagging(trees),2026-02
2026-03-07,60.4,143.2,96.6,24,Immigration,Bagging(trees),2026-03
2026-03-17,54.4,129.7,101.2,24,Immigration,Bagging(trees),2026-03
2025-05-31,84.8,245.4,192.6,24,PESC,Naive-seasonal-7d,2025-05
2025-06-10,91.9,125.7,98.3,24,PESC,Naive-seasonal-7d,2025-06
2025-06-20,90.8,147.3,123.5,24,PESC,Naive-seasonal-7d,2025-06
2025-06-30,90.9,149.2,112.3,24,PESC,Naive-seasonal-7d,2025-06
2025-07-10,91.8,118.1,97.8,24,PESC,Naive-seasonal-7d,2025-07
2025-07-20,90.0,177.3,134.3,24,PESC,Naive-seasonal-7d,2025-07
2025-07-30,92.9,108.3,89.0,24,PESC,Naive-seasonal-7d,2025-07
2025-08-09,86.1,224.8,182.5,24,PESC,Naive-seasonal-7d,2025-08
2025-08-19,87.7,199.7,141.3,24,PESC,Naive-seasonal-7d,2025-08
2025-08-29,91.8,144.2,107.2,24,PESC,Naive-seasonal-7d,2025-08
2025-09-08,90.5,163.9,123.8,24,PESC,Naive-seasonal-7d,2025-09
2025-09-18,88.6,196.5,160.2,24,PESC,Naive-seasonal-7d,2025-09
2025-09-28,74.5,594.4,508.8,24,PESC,Naive-seasonal-7d,2025-09
2025-10-08,92.6,131.8,105.0,24,PESC,Naive-seasonal-7d,2025-10
2025-10-18,68.0,674.5,597.8,24,PESC,Naive-seasonal-7d,2025-10
2025-10-28,70.4,627.6,536.2,24,PESC,Naive-seasonal-7d,2025-10
2025-11-07,93.9,147.5,108.2,24,PESC,Naive-seasonal-7d,2025-11
2025-11-17,94.9,120.8,93.9,24,PESC,Naive-seasonal-7d,2025-11
2025-11-27,87.8,256.3,213.0,24,PESC,Naive-seasonal-7d,2025-11
2025-12-07,76.4,555.0,478.6,24,PESC,Naive-seasonal-7d,2025-12
2025-12-17,79.4,456.5,411.1,24,PESC,Naive-seasonal-7d,2025-12
2025-12-27,89.8,223.0,192.0,24,PESC,Naive-seasonal-7d,2025-12
2026-01-06,92.0,179.1,142.7,24,PESC,Naive-seasonal-7d,2026-01
2026-01-16,86.3,426.7,324.5,24,PESC,Naive-seasonal-7d,2026-01
2026-01-26,93.3,154.7,126.8,24,PESC,Naive-seasonal-7d,2026-01
2026-02-05,91.5,178.5,146.0,24,PESC,Naive-seasonal-7d,2026-02
2026-02-15,92.1,161.5,135.3,24,PESC,Naive-seasonal-7d,2026-02
2026-02-25,94.7,106.6,88.0,24,PESC,Naive-seasonal-7d,2026-02
2026-03-07,90.9,210.4,149.1,24,PESC,Naive-seasonal-7d,2026-03
2026-03-17,89.4,231.8,159.2,24,PESC,Naive-seasonal-7d,2026-03
2025-05-31,85.5,223.6,184.2,24,PESC,RandomForest [Naveen],2025-05
2025-06-10,94.1,84.9,71.2,24,PESC,RandomForest [Naveen],2025-06
2025-06-20,93.0,102.8,85.7,24,PESC,RandomForest [Naveen],2025-06
2025-06-30,92.9,125.6,89.0,24,PESC,RandomForest [Naveen],2025-06
2025-07-10,90.9,127.7,108.9,24,PESC,RandomForest [Naveen],2025-07
2025-07-20,93.2,126.6,93.1,24,PESC,RandomForest [Naveen],2025-07
2025-07-30,92.8,116.1,91.3,24,PESC,RandomForest [Naveen],2025-07
2025-08-09,87.0,210.6,168.7,24,PESC,RandomForest [Naveen],2025-08
2025-08-19,84.2,238.4,177.7,24,PESC,RandomForest [Naveen],2025-08
2025-08-29,94.2,93.9,74.1,24,PESC,RandomForest [Naveen],2025-08
2025-09-08,91.5,148.8,109.7,24,PESC,RandomForest [Naveen],2025-09
2025-09-18,91.1,148.3,120.7,24,PESC,RandomForest [Naveen],2025-09
2025-09-28,92.3,175.8,138.4,24,PESC,RandomForest [Naveen],2025-09
2025-10-08,94.2,104.0,79.5,24,PESC,RandomForest [Naveen],2025-10
2025-10-18,75.7,425.7,385.5,24,PESC,RandomForest [Naveen],2025-10
2025-10-28,85.6,326.4,265.3,24,PESC,RandomForest [Naveen],2025-10
2025-11-07,93.3,145.8,117.2,24,PESC,RandomForest [Naveen],2025-11
2025-11-17,94.3,137.3,108.5,24,PESC,RandomForest [Naveen],2025-11
2025-11-27,94.0,141.8,111.8,24,PESC,RandomForest [Naveen],2025-11
2025-12-07,90.5,187.2,139.1,24,PESC,RandomForest [Naveen],2025-12
2025-12-17,84.9,357.2,312.1,24,PESC,RandomForest [Naveen],2025-12
2025-12-27,90.9,183.8,165.9,24,PESC,RandomForest [Naveen],2025-12
2026-01-06,90.4,173.9,150.9,24,PESC,RandomForest [Naveen],2026-01
2026-01-16,85.9,374.7,308.4,24,PESC,RandomForest [Naveen],2026-01
2026-01-26,92.8,162.5,134.6,24,PESC,RandomForest [Naveen],2026-01
2026-02-05,93.4,138.6,112.9,24,PESC,RandomForest [Naveen],2026-02
2026-02-15,91.5,164.6,141.9,24,PESC,RandomForest [Naveen],2026-02
2026-02-25,94.6,122.2,92.8,24,PESC,RandomForest [Naveen],2026-02
2026-03-07,92.5,148.4,117.6,24,PESC,RandomForest [Naveen],2026-03
2026-03-17,91.3,174.8,124.2,24,PESC,RandomForest [Naveen],2026-03
2025-05-31,84.1,250.1,204.0,24,PESC,ExtraTrees,2025-05
2025-06-10,92.7,106.9,94.5,24,PESC,ExtraTrees,2025-06
2025-06-20,93.4,103.7,82.5,24,PESC,ExtraTrees,2025-06
2025-06-30,90.9,149.2,112.3,24,PESC,ExtraTrees,2025-06
2025-07-10,89.6,143.8,124.0,24,PESC,ExtraTrees,2025-07
2025-07-20,92.4,137.8,104.2,24,PESC,ExtraTrees,2025-07
2025-07-30,92.3,130.8,99.4,24,PESC,ExtraTrees,2025-07
2025-08-09,85.5,224.3,187.5,24,PESC,ExtraTrees,2025-08
2025-08-19,85.9,239.3,170.5,24,PESC,ExtraTrees,2025-08
2025-08-29,93.4,109.0,83.9,24,PESC,ExtraTrees,2025-08
2025-09-08,90.5,163.9,123.8,24,PESC,ExtraTrees,2025-09
2025-09-18,91.8,142.3,112.5,24,PESC,ExtraTrees,2025-09
2025-09-28,92.8,195.9,137.4,24,PESC,ExtraTrees,2025-09
2025-10-08,94.7,115.2,75.9,24,PESC,ExtraTrees,2025-10
2025-10-18,71.5,557.1,495.6,24,PESC,ExtraTrees,2025-10
2025-10-28,85.4,306.3,260.3,24,PESC,ExtraTrees,2025-10
2025-11-07,91.3,175.7,147.0,24,PESC,ExtraTrees,2025-11
2025-11-17,94.9,120.8,93.9,24,PESC,ExtraTrees,2025-11
2025-11-27,92.9,148.5,124.2,24,PESC,ExtraTrees,2025-11
2025-12-07,90.6,204.3,149.7,24,PESC,ExtraTrees,2025-12
2025-12-17,86.1,348.9,294.4,24,PESC,ExtraTrees,2025-12
2025-12-27,91.0,188.3,163.3,24,PESC,ExtraTrees,2025-12
2026-01-06,90.4,188.0,166.3,24,PESC,ExtraTrees,2026-01
2026-01-16,89.2,283.9,217.5,24,PESC,ExtraTrees,2026-01
2026-01-26,92.6,168.6,140.0,24,PESC,ExtraTrees,2026-01
2026-02-05,92.3,159.6,129.6,24,PESC,ExtraTrees,2026-02
2026-02-15,91.0,177.7,158.1,24,PESC,ExtraTrees,2026-02
2026-02-25,94.1,142.1,102.7,24,PESC,ExtraTrees,2026-02
2026-03-07,92.3,157.4,118.6,24,PESC,ExtraTrees,2026-03
2026-03-17,90.4,190.0,137.0,24,PESC,ExtraTrees,2026-03
2025-05-31,84.2,242.2,203.0,24,PESC,HistGradientBoosting,2025-05
2025-06-10,92.5,96.0,87.1,24,PESC,HistGradientBoosting,2025-06
2025-06-20,92.3,112.7,92.0,24,PESC,HistGradientBoosting,2025-06
2025-06-30,92.7,119.2,90.3,24,PESC,HistGradientBoosting,2025-06
2025-07-10,92.6,101.1,85.0,24,PESC,HistGradientBoosting,2025-07
2025-07-20,93.9,113.0,84.5,24,PESC,HistGradientBoosting,2025-07
2025-07-30,92.6,111.5,89.4,24,PESC,HistGradientBoosting,2025-07
2025-08-09,87.6,195.7,159.1,24,PESC,HistGradientBoosting,2025-08
2025-08-19,87.5,209.5,147.5,24,PESC,HistGradientBoosting,2025-08
2025-08-29,94.0,100.9,76.0,24,PESC,HistGradientBoosting,2025-08
2025-09-08,92.7,117.1,92.5,24,PESC,HistGradientBoosting,2025-09
2025-09-18,91.4,150.6,116.0,24,PESC,HistGradientBoosting,2025-09
2025-09-28,90.5,208.6,167.5,24,PESC,HistGradientBoosting,2025-09
2025-10-08,94.0,116.9,96.6,24,PESC,HistGradientBoosting,2025-10
2025-10-18,76.9,360.0,328.8,24,PESC,HistGradientBoosting,2025-10
2025-10-28,86.5,316.5,253.8,24,PESC,HistGradientBoosting,2025-10
2025-11-07,92.9,164.7,126.8,24,PESC,HistGradientBoosting,2025-11
2025-11-17,93.4,152.9,125.3,24,PESC,HistGradientBoosting,2025-11
2025-11-27,94.0,152.6,120.4,24,PESC,HistGradientBoosting,2025-11
2025-12-07,92.0,178.8,119.6,24,PESC,HistGradientBoosting,2025-12
2025-12-17,87.4,321.0,270.3,24,PESC,HistGradientBoosting,2025-12
2025-12-27,92.9,158.2,135.6,24,PESC,HistGradientBoosting,2025-12
2026-01-06,92.3,174.0,140.7,24,PESC,HistGradientBoosting,2026-01
2026-01-16,88.1,283.8,244.8,24,PESC,HistGradientBoosting,2026-01
2026-01-26,89.3,210.3,182.3,24,PESC,HistGradientBoosting,2026-01
2026-02-05,93.0,163.9,128.7,24,PESC,HistGradientBoosting,2026-02
2026-02-15,92.3,163.6,127.4,24,PESC,HistGradientBoosting,2026-02
2026-02-25,93.7,120.2,102.3,24,PESC,HistGradientBoosting,2026-02
2026-03-07,89.0,232.9,188.0,24,PESC,HistGradientBoosting,2026-03
2026-03-17,91.2,154.4,118.4,24,PESC,HistGradientBoosting,2026-03
2025-05-31,84.0,244.1,206.7,24,PESC,LightGBM,2025-05
2025-06-10,92.4,97.3,88.9,24,PESC,LightGBM,2025-06
2025-06-20,92.4,113.7,91.8,24,PESC,LightGBM,2025-06
2025-06-30,92.8,119.0,89.0,24,PESC,LightGBM,2025-06
2025-07-10,92.8,99.1,82.2,24,PESC,LightGBM,2025-07
2025-07-20,93.6,119.0,88.6,24,PESC,LightGBM,2025-07
2025-07-30,92.9,109.6,87.0,24,PESC,LightGBM,2025-07
2025-08-09,88.0,197.0,155.0,24,PESC,LightGBM,2025-08
2025-08-19,87.3,215.7,148.4,24,PESC,LightGBM,2025-08
2025-08-29,94.1,99.4,75.1,24,PESC,LightGBM,2025-08
2025-09-08,92.8,121.8,93.5,24,PESC,LightGBM,2025-09
2025-09-18,91.5,150.9,113.8,24,PESC,LightGBM,2025-09
2025-09-28,90.7,207.7,164.8,24,PESC,LightGBM,2025-09
2025-10-08,94.3,106.7,89.4,24,PESC,LightGBM,2025-10
2025-10-18,77.4,348.0,318.3,24,PESC,LightGBM,2025-10
2025-10-28,87.2,299.9,239.9,24,PESC,LightGBM,2025-10
2025-11-07,92.7,157.4,125.0,24,PESC,LightGBM,2025-11
2025-11-17,94.1,141.9,112.5,24,PESC,LightGBM,2025-11
2025-11-27,94.5,142.1,112.2,24,PESC,LightGBM,2025-11
2025-12-07,91.7,183.8,124.7,24,PESC,LightGBM,2025-12
2025-12-17,88.2,304.3,252.9,24,PESC,LightGBM,2025-12
2025-12-27,93.2,160.5,135.3,24,PESC,LightGBM,2025-12
2026-01-06,93.0,158.3,129.3,24,PESC,LightGBM,2026-01
2026-01-16,86.6,321.4,282.4,24,PESC,LightGBM,2026-01
2026-01-26,89.9,200.7,171.2,24,PESC,LightGBM,2026-01
2026-02-05,92.8,159.9,128.7,24,PESC,LightGBM,2026-02
2026-02-15,92.6,153.7,123.2,24,PESC,LightGBM,2026-02
2026-02-25,93.9,109.8,96.8,24,PESC,LightGBM,2026-02
2026-03-07,89.1,232.5,185.4,24,PESC,LightGBM,2026-03
2026-03-17,91.4,155.5,117.4,24,PESC,LightGBM,2026-03
2025-05-31,84.0,255.5,211.7,24,PESC,XGBoost,2025-05
2025-06-10,95.0,74.8,59.4,24,PESC,XGBoost,2025-06
2025-06-20,93.2,107.9,85.6,24,PESC,XGBoost,2025-06
2025-06-30,92.7,126.5,89.3,24,PESC,XGBoost,2025-06
2025-07-10,91.1,131.8,105.6,24,PESC,XGBoost,2025-07
2025-07-20,92.5,138.6,102.5,24,PESC,XGBoost,2025-07
2025-07-30,93.1,109.1,86.4,24,PESC,XGBoost,2025-07
2025-08-09,87.5,202.7,164.1,24,PESC,XGBoost,2025-08
2025-08-19,81.9,254.0,197.8,24,PESC,XGBoost,2025-08
2025-08-29,92.7,104.5,87.0,24,PESC,XGBoost,2025-08
2025-09-08,92.1,135.9,102.9,24,PESC,XGBoost,2025-09
2025-09-18,92.6,131.0,99.7,24,PESC,XGBoost,2025-09
2025-09-28,91.9,174.1,144.4,24,PESC,XGBoost,2025-09
2025-10-08,92.9,123.5,105.1,24,PESC,XGBoost,2025-10
2025-10-18,80.3,294.9,268.7,24,PESC,XGBoost,2025-10
2025-10-28,85.6,326.8,266.5,24,PESC,XGBoost,2025-10
2025-11-07,92.4,153.8,126.2,24,PESC,XGBoost,2025-11
2025-11-17,94.9,132.7,98.6,24,PESC,XGBoost,2025-11
2025-11-27,94.3,144.3,113.0,24,PESC,XGBoost,2025-11
2025-12-07,91.8,179.9,123.5,24,PESC,XGBoost,2025-12
2025-12-17,86.9,324.0,279.6,24,PESC,XGBoost,2025-12
2025-12-27,91.8,173.8,151.2,24,PESC,XGBoost,2025-12
2026-01-06,91.2,173.4,141.0,24,PESC,XGBoost,2026-01
2026-01-16,86.0,344.0,301.6,24,PESC,XGBoost,2026-01
2026-01-26,92.5,177.5,141.7,24,PESC,XGBoost,2026-01
2026-02-05,92.7,165.3,132.1,24,PESC,XGBoost,2026-02
2026-02-15,93.2,154.7,117.2,24,PESC,XGBoost,2026-02
2026-02-25,92.6,132.4,118.0,24,PESC,XGBoost,2026-02
2026-03-07,89.7,225.1,177.5,24,PESC,XGBoost,2026-03
2026-03-17,90.9,163.9,126.4,24,PESC,XGBoost,2026-03
2025-05-31,85.4,224.2,185.1,24,PESC,Bagging(trees),2025-05
2025-06-10,94.0,85.6,72.5,24,PESC,Bagging(trees),2025-06
2025-06-20,92.7,106.2,89.0,24,PESC,Bagging(trees),2025-06
2025-06-30,92.9,124.8,89.9,24,PESC,Bagging(trees),2025-06
2025-07-10,91.1,126.0,107.1,24,PESC,Bagging(trees),2025-07
2025-07-20,93.1,130.2,95.4,24,PESC,Bagging(trees),2025-07
2025-07-30,92.9,113.7,89.7,24,PESC,Bagging(trees),2025-07
2025-08-09,87.2,207.8,165.6,24,PESC,Bagging(trees),2025-08
2025-08-19,84.3,239.4,178.9,24,PESC,Bagging(trees),2025-08
2025-08-29,93.9,97.5,77.6,24,PESC,Bagging(trees),2025-08
2025-09-08,91.3,150.4,112.0,24,PESC,Bagging(trees),2025-09
2025-09-18,91.1,149.3,121.1,24,PESC,Bagging(trees),2025-09
2025-09-28,92.1,181.9,142.1,24,PESC,Bagging(trees),2025-09
2025-10-08,94.4,102.9,77.4,24,PESC,Bagging(trees),2025-10
2025-10-18,75.7,428.4,387.7,24,PESC,Bagging(trees),2025-10
2025-10-28,85.6,324.4,264.7,24,PESC,Bagging(trees),2025-10
2025-11-07,92.9,148.5,123.5,24,PESC,Bagging(trees),2025-11
2025-11-17,94.2,137.6,109.1,24,PESC,Bagging(trees),2025-11
2025-11-27,94.2,139.2,109.7,24,PESC,Bagging(trees),2025-11
2025-12-07,90.6,181.0,135.6,24,PESC,Bagging(trees),2025-12
2025-12-17,85.0,355.5,309.4,24,PESC,Bagging(trees),2025-12
2025-12-27,90.8,182.6,165.8,24,PESC,Bagging(trees),2025-12
2026-01-06,90.1,185.7,160.4,24,PESC,Bagging(trees),2026-01
2026-01-16,85.9,374.5,308.2,24,PESC,Bagging(trees),2026-01
2026-01-26,92.8,162.8,134.6,24,PESC,Bagging(trees),2026-01
2026-02-05,93.5,134.6,109.6,24,PESC,Bagging(trees),2026-02
2026-02-15,91.4,165.9,142.4,24,PESC,Bagging(trees),2026-02
2026-02-25,94.6,122.9,92.9,24,PESC,Bagging(trees),2026-02
2026-03-07,92.4,147.2,116.9,24,PESC,Bagging(trees),2026-03
2026-03-17,91.4,170.6,121.4,24,PESC,Bagging(trees),2026-03
2025-05-31,79.9,96.5,72.8,24,Transfers,Naive-seasonal-7d,2025-05
2025-06-10,87.7,73.3,56.4,24,Transfers,Naive-seasonal-7d,2025-06
2025-06-20,78.8,85.5,67.6,24,Transfers,Naive-seasonal-7d,2025-06
2025-06-30,54.3,215.8,170.0,24,Transfers,Naive-seasonal-7d,2025-06
2025-07-10,78.4,92.4,67.6,24,Transfers,Naive-seasonal-7d,2025-07
2025-07-20,80.7,82.7,62.9,24,Transfers,Naive-seasonal-7d,2025-07
2025-07-30,80.6,68.8,55.2,24,Transfers,Naive-seasonal-7d,2025-07
2025-08-09,84.4,69.3,53.2,24,Transfers,Naive-seasonal-7d,2025-08
2025-08-19,66.3,116.8,94.0,24,Transfers,Naive-seasonal-7d,2025-08
2025-08-29,78.2,74.6,59.2,24,Transfers,Naive-seasonal-7d,2025-08
2025-09-08,77.0,100.4,69.9,24,Transfers,Naive-seasonal-7d,2025-09
2025-09-18,71.8,119.8,89.4,24,Transfers,Naive-seasonal-7d,2025-09
2025-10-06,60.4,69.8,57.4,5,Transfers,Naive-seasonal-7d,2025-10
2025-10-17,45.7,261.4,215.7,24,Transfers,Naive-seasonal-7d,2025-10
2025-10-27,59.1,142.9,117.3,24,Transfers,Naive-seasonal-7d,2025-10
2025-11-06,79.2,112.9,93.1,24,Transfers,Naive-seasonal-7d,2025-11
2025-11-16,73.5,131.7,107.4,24,Transfers,Naive-seasonal-7d,2025-11
2025-11-26,72.2,119.9,108.5,24,Transfers,Naive-seasonal-7d,2025-11
2025-12-06,53.8,191.9,165.5,24,Transfers,Naive-seasonal-7d,2025-12
2025-12-16,76.4,109.7,81.1,24,Transfers,Naive-seasonal-7d,2025-12
2025-12-26,79.1,99.0,74.0,24,Transfers,Naive-seasonal-7d,2025-12
2026-01-05,74.1,120.2,95.9,24,Transfers,Naive-seasonal-7d,2026-01
2026-01-15,83.0,95.4,64.9,24,Transfers,Naive-seasonal-7d,2026-01
2026-01-25,72.7,162.4,118.2,24,Transfers,Naive-seasonal-7d,2026-01
2026-02-04,77.8,102.4,79.3,24,Transfers,Naive-seasonal-7d,2026-02
2026-02-14,81.5,91.5,66.2,24,Transfers,Naive-seasonal-7d,2026-02
2026-02-24,82.0,75.4,56.3,24,Transfers,Naive-seasonal-7d,2026-02
2026-03-06,74.7,169.1,105.2,24,Transfers,Naive-seasonal-7d,2026-03
2026-03-16,76.7,86.7,70.6,24,Transfers,Naive-seasonal-7d,2026-03
2025-05-31,84.8,76.3,58.2,24,Transfers,RandomForest [Naveen],2025-05
2025-06-10,90.0,59.2,43.9,24,Transfers,RandomForest [Naveen],2025-06
2025-06-20,85.7,53.4,40.6,24,Transfers,RandomForest [Naveen],2025-06
2025-06-30,59.5,205.2,154.0,24,Transfers,RandomForest [Naveen],2025-06
2025-07-10,84.7,56.3,44.1,24,Transfers,RandomForest [Naveen],2025-07
2025-07-20,81.9,81.8,59.3,24,Transfers,RandomForest [Naveen],2025-07
2025-07-30,77.6,60.4,52.7,24,Transfers,RandomForest [Naveen],2025-07
2025-08-09,85.1,58.4,45.9,24,Transfers,RandomForest [Naveen],2025-08
2025-08-19,69.8,111.5,85.1,24,Transfers,RandomForest [Naveen],2025-08
2025-08-29,80.3,61.4,47.0,24,Transfers,RandomForest [Naveen],2025-08
2025-09-08,79.5,70.1,55.4,24,Transfers,RandomForest [Naveen],2025-09
2025-09-18,77.9,65.3,50.9,24,Transfers,RandomForest [Naveen],2025-09
2025-10-06,72.5,59.0,49.2,5,Transfers,RandomForest [Naveen],2025-10
2025-10-17,40.4,267.4,233.9,24,Transfers,RandomForest [Naveen],2025-10
2025-10-27,63.0,129.6,104.1,24,Transfers,RandomForest [Naveen],2025-10
2025-11-06,80.9,90.0,76.1,24,Transfers,RandomForest [Naveen],2025-11
2025-11-16,80.4,93.4,73.8,24,Transfers,RandomForest [Naveen],2025-11
2025-11-26,81.1,87.5,70.3,24,Transfers,RandomForest [Naveen],2025-11
2025-12-06,56.6,142.0,115.1,24,Transfers,RandomForest [Naveen],2025-12
2025-12-16,76.0,90.7,73.8,24,Transfers,RandomForest [Naveen],2025-12
2025-12-26,82.3,95.3,66.4,24,Transfers,RandomForest [Naveen],2025-12
2026-01-05,73.0,117.1,92.3,24,Transfers,RandomForest [Naveen],2026-01
2026-01-15,81.2,98.7,73.1,24,Transfers,RandomForest [Naveen],2026-01
2026-01-25,77.5,121.0,99.5,24,Transfers,RandomForest [Naveen],2026-01
2026-02-04,85.2,58.5,44.8,24,Transfers,RandomForest [Naveen],2026-02
2026-02-14,83.7,64.6,47.9,24,Transfers,RandomForest [Naveen],2026-02
2026-02-24,87.9,51.5,38.0,24,Transfers,RandomForest [Naveen],2026-02
2026-03-06,78.0,129.2,75.9,24,Transfers,RandomForest [Naveen],2026-03
2026-03-16,78.4,82.4,68.4,24,Transfers,RandomForest [Naveen],2026-03
2025-05-31,81.8,89.3,68.0,24,Transfers,ExtraTrees,2025-05
2025-06-10,88.3,62.6,46.0,24,Transfers,ExtraTrees,2025-06
2025-06-20,84.1,68.9,51.6,24,Transfers,ExtraTrees,2025-06
2025-06-30,54.3,215.8,170.0,24,Transfers,ExtraTrees,2025-06
2025-07-10,83.4,58.6,44.6,24,Transfers,ExtraTrees,2025-07
2025-07-20,79.9,83.8,63.4,24,Transfers,ExtraTrees,2025-07
2025-07-30,78.3,66.7,54.8,24,Transfers,ExtraTrees,2025-07
2025-08-09,84.0,74.1,55.6,24,Transfers,ExtraTrees,2025-08
2025-08-19,68.0,112.4,86.4,24,Transfers,ExtraTrees,2025-08
2025-08-29,80.7,65.1,49.4,24,Transfers,ExtraTrees,2025-08
2025-09-08,77.0,100.4,69.9,24,Transfers,ExtraTrees,2025-09
2025-09-18,77.3,71.4,54.8,24,Transfers,ExtraTrees,2025-09
2025-10-06,57.6,72.7,62.0,5,Transfers,ExtraTrees,2025-10
2025-10-17,42.3,272.5,233.9,24,Transfers,ExtraTrees,2025-10
2025-10-27,67.3,96.0,87.0,24,Transfers,ExtraTrees,2025-10
2025-11-06,80.7,90.6,78.8,24,Transfers,ExtraTrees,2025-11
2025-11-16,77.8,118.2,95.0,24,Transfers,ExtraTrees,2025-11
2025-11-26,78.3,99.0,81.6,24,Transfers,ExtraTrees,2025-11
2025-12-06,60.4,129.3,101.1,24,Transfers,ExtraTrees,2025-12
2025-12-16,73.0,94.1,79.0,24,Transfers,ExtraTrees,2025-12
2025-12-26,79.3,99.9,77.2,24,Transfers,ExtraTrees,2025-12
2026-01-05,69.4,133.3,103.0,24,Transfers,ExtraTrees,2026-01
2026-01-15,78.0,113.6,85.7,24,Transfers,ExtraTrees,2026-01
2026-01-25,74.2,139.7,112.6,24,Transfers,ExtraTrees,2026-01
2026-02-04,81.9,65.3,53.9,24,Transfers,ExtraTrees,2026-02
2026-02-14,82.9,68.2,51.4,24,Transfers,ExtraTrees,2026-02
2026-02-24,84.6,66.6,50.2,24,Transfers,ExtraTrees,2026-02
2026-03-06,76.0,141.4,84.9,24,Transfers,ExtraTrees,2026-03
2026-03-16,77.6,89.0,72.2,24,Transfers,ExtraTrees,2026-03
2025-05-31,84.4,80.6,59.2,24,Transfers,HistGradientBoosting,2025-05
2025-06-10,86.4,62.1,49.5,24,Transfers,HistGradientBoosting,2025-06
2025-06-20,85.4,50.8,39.6,24,Transfers,HistGradientBoosting,2025-06
2025-06-30,63.4,208.3,148.3,24,Transfers,HistGradientBoosting,2025-06
2025-07-10,86.4,56.2,41.3,24,Transfers,HistGradientBoosting,2025-07
2025-07-20,82.0,83.7,58.6,24,Transfers,HistGradientBoosting,2025-07
2025-07-30,83.8,43.2,32.3,24,Transfers,HistGradientBoosting,2025-07
2025-08-09,83.2,62.9,49.4,24,Transfers,HistGradientBoosting,2025-08
2025-08-19,72.1,102.7,75.9,24,Transfers,HistGradientBoosting,2025-08
2025-08-29,79.9,57.9,47.7,24,Transfers,HistGradientBoosting,2025-08
2025-09-08,87.0,47.5,35.0,24,Transfers,HistGradientBoosting,2025-09
2025-09-18,81.4,53.9,40.6,24,Transfers,HistGradientBoosting,2025-09
2025-10-06,71.4,37.2,36.8,5,Transfers,HistGradientBoosting,2025-10
2025-10-17,40.3,244.2,214.9,24,Transfers,HistGradientBoosting,2025-10
2025-10-27,56.2,142.4,122.4,24,Transfers,HistGradientBoosting,2025-10
2025-11-06,78.9,99.6,84.8,24,Transfers,HistGradientBoosting,2025-11
2025-11-16,84.2,65.0,49.4,24,Transfers,HistGradientBoosting,2025-11
2025-11-26,83.4,75.1,55.0,24,Transfers,HistGradientBoosting,2025-11
2025-12-06,64.5,102.8,87.0,24,Transfers,HistGradientBoosting,2025-12
2025-12-16,76.9,94.5,77.3,24,Transfers,HistGradientBoosting,2025-12
2025-12-26,77.5,113.9,84.1,24,Transfers,HistGradientBoosting,2025-12
2026-01-05,73.8,105.6,82.9,24,Transfers,HistGradientBoosting,2026-01
2026-01-15,82.2,81.9,59.5,24,Transfers,HistGradientBoosting,2026-01
2026-01-25,79.0,113.9,92.6,24,Transfers,HistGradientBoosting,2026-01
2026-02-04,84.1,52.0,41.4,24,Transfers,HistGradientBoosting,2026-02
2026-02-14,80.7,76.4,60.4,24,Transfers,HistGradientBoosting,2026-02
2026-02-24,83.9,56.8,43.1,24,Transfers,HistGradientBoosting,2026-02
2026-03-06,79.7,120.7,71.8,24,Transfers,HistGradientBoosting,2026-03
2026-03-16,79.1,88.7,72.9,24,Transfers,HistGradientBoosting,2026-03
2025-05-31,84.7,80.1,59.1,24,Transfers,LightGBM,2025-05
2025-06-10,86.5,61.5,49.5,24,Transfers,LightGBM,2025-06
2025-06-20,85.4,50.2,39.2,24,Transfers,LightGBM,2025-06
2025-06-30,62.4,208.5,149.9,24,Transfers,LightGBM,2025-06
2025-07-10,86.4,53.9,40.8,24,Transfers,LightGBM,2025-07
2025-07-20,81.9,85.4,58.8,24,Transfers,LightGBM,2025-07
2025-07-30,84.6,42.7,32.2,24,Transfers,LightGBM,2025-07
2025-08-09,85.2,53.5,40.8,24,Transfers,LightGBM,2025-08
2025-08-19,71.7,105.5,77.0,24,Transfers,LightGBM,2025-08
2025-08-29,78.5,62.7,51.4,24,Transfers,LightGBM,2025-08
2025-09-08,85.9,49.1,36.5,24,Transfers,LightGBM,2025-09
2025-09-18,83.8,48.2,33.3,24,Transfers,LightGBM,2025-09
2025-10-06,69.7,42.9,41.5,5,Transfers,LightGBM,2025-10
2025-10-17,39.9,247.5,218.3,24,Transfers,LightGBM,2025-10
2025-10-27,57.6,138.9,120.0,24,Transfers,LightGBM,2025-10
2025-11-06,78.2,100.0,87.0,24,Transfers,LightGBM,2025-11
2025-11-16,83.6,67.4,52.8,24,Transfers,LightGBM,2025-11
2025-11-26,82.9,75.3,56.2,24,Transfers,LightGBM,2025-11
2025-12-06,66.8,95.8,77.8,24,Transfers,LightGBM,2025-12
2025-12-16,77.4,94.9,77.6,24,Transfers,LightGBM,2025-12
2025-12-26,78.1,116.4,84.4,24,Transfers,LightGBM,2025-12
2026-01-05,77.9,104.0,81.2,24,Transfers,LightGBM,2026-01
2026-01-15,82.0,84.6,63.0,24,Transfers,LightGBM,2026-01
2026-01-25,78.0,120.8,98.2,24,Transfers,LightGBM,2026-01
2026-02-04,83.8,54.4,42.1,24,Transfers,LightGBM,2026-02
2026-02-14,82.4,76.2,58.3,24,Transfers,LightGBM,2026-02
2026-02-24,83.4,56.9,44.9,24,Transfers,LightGBM,2026-02
2026-03-06,78.9,124.1,76.2,24,Transfers,LightGBM,2026-03
2026-03-16,79.1,87.2,71.9,24,Transfers,LightGBM,2026-03
2025-05-31,84.9,75.0,56.2,24,Transfers,XGBoost,2025-05
2025-06-10,87.7,65.8,49.8,24,Transfers,XGBoost,2025-06
2025-06-20,85.4,52.8,40.9,24,Transfers,XGBoost,2025-06
2025-06-30,59.0,209.6,155.5,24,Transfers,XGBoost,2025-06
2025-07-10,84.0,57.8,45.7,24,Transfers,XGBoost,2025-07
2025-07-20,81.5,84.1,59.3,24,Transfers,XGBoost,2025-07
2025-07-30,80.9,50.4,39.7,24,Transfers,XGBoost,2025-07
2025-08-09,80.2,76.1,59.0,24,Transfers,XGBoost,2025-08
2025-08-19,70.5,107.3,81.2,24,Transfers,XGBoost,2025-08
2025-08-29,81.8,58.7,45.1,24,Transfers,XGBoost,2025-08
2025-09-08,84.8,52.3,39.7,24,Transfers,XGBoost,2025-09
2025-09-18,75.7,70.4,57.8,24,Transfers,XGBoost,2025-09
2025-10-06,75.3,63.5,47.7,5,Transfers,XGBoost,2025-10
2025-10-17,41.4,255.1,220.8,24,Transfers,XGBoost,2025-10
2025-10-27,58.7,132.1,111.8,24,Transfers,XGBoost,2025-10
2025-11-06,79.5,103.1,83.5,24,Transfers,XGBoost,2025-11
2025-11-16,82.3,76.7,61.1,24,Transfers,XGBoost,2025-11
2025-11-26,78.8,96.9,80.9,24,Transfers,XGBoost,2025-11
2025-12-06,66.8,92.8,77.2,24,Transfers,XGBoost,2025-12
2025-12-16,77.0,95.6,77.4,24,Transfers,XGBoost,2025-12
2025-12-26,83.7,106.3,72.5,24,Transfers,XGBoost,2025-12
2026-01-05,73.8,102.3,84.1,24,Transfers,XGBoost,2026-01
2026-01-15,81.0,97.9,73.0,24,Transfers,XGBoost,2026-01
2026-01-25,80.2,114.0,90.9,24,Transfers,XGBoost,2026-01
2026-02-04,84.5,54.3,43.0,24,Transfers,XGBoost,2026-02
2026-02-14,81.6,73.3,57.3,24,Transfers,XGBoost,2026-02
2026-02-24,81.9,57.7,48.5,24,Transfers,XGBoost,2026-02
2026-03-06,78.7,118.7,72.5,24,Transfers,XGBoost,2026-03
2026-03-16,79.3,85.4,71.3,24,Transfers,XGBoost,2026-03
2025-05-31,85.1,74.7,56.3,24,Transfers,Bagging(trees),2025-05
2025-06-10,90.0,58.1,42.9,24,Transfers,Bagging(trees),2025-06
2025-06-20,85.6,54.8,41.2,24,Transfers,Bagging(trees),2025-06
2025-06-30,59.5,205.6,154.5,24,Transfers,Bagging(trees),2025-06
2025-07-10,85.0,56.3,43.2,24,Transfers,Bagging(trees),2025-07
2025-07-20,81.8,85.2,60.2,24,Transfers,Bagging(trees),2025-07
2025-07-30,77.3,61.4,53.5,24,Transfers,Bagging(trees),2025-07
2025-08-09,84.8,57.2,45.9,24,Transfers,Bagging(trees),2025-08
2025-08-19,70.6,111.5,83.4,24,Transfers,Bagging(trees),2025-08
2025-08-29,80.7,61.3,47.2,24,Transfers,Bagging(trees),2025-08
2025-09-08,79.5,71.5,56.2,24,Transfers,Bagging(trees),2025-09
2025-09-18,77.9,66.8,51.7,24,Transfers,Bagging(trees),2025-09
2025-10-06,72.9,61.8,50.8,5,Transfers,Bagging(trees),2025-10
2025-10-17,41.0,266.2,231.4,24,Transfers,Bagging(trees),2025-10
2025-10-27,63.1,126.7,102.5,24,Transfers,Bagging(trees),2025-10
2025-11-06,81.6,87.3,73.5,24,Transfers,Bagging(trees),2025-11
2025-11-16,80.6,88.7,71.1,24,Transfers,Bagging(trees),2025-11
2025-11-26,80.5,87.7,71.9,24,Transfers,Bagging(trees),2025-11
2025-12-06,55.9,144.6,117.6,24,Transfers,Bagging(trees),2025-12
2025-12-16,76.5,89.2,72.2,24,Transfers,Bagging(trees),2025-12
2025-12-26,82.3,96.9,66.7,24,Transfers,Bagging(trees),2025-12
2026-01-05,72.5,118.3,94.1,24,Transfers,Bagging(trees),2026-01
2026-01-15,80.8,98.4,74.4,24,Transfers,Bagging(trees),2026-01
2026-01-25,77.5,121.4,99.0,24,Transfers,Bagging(trees),2026-01
2026-02-04,84.9,59.5,46.0,24,Transfers,Bagging(trees),2026-02
2026-02-14,83.3,67.8,49.7,24,Transfers,Bagging(trees),2026-02
2026-02-24,86.6,53.6,40.9,24,Transfers,Bagging(trees),2026-02
2026-03-06,78.1,129.5,75.5,24,Transfers,Bagging(trees),2026-03
2026-03-16,78.2,83.1,69.1,24,Transfers,Bagging(trees),2026-03
